time,AAPL,AMGN,AXP,BA,CAT,CRM,CSCO,CVX,DIS,DOW,GS,HD,HON,IBM,INTC,JNJ,JPM,KO,MA,MCD,MMM,MRK,MSFT,NKE,PG,T,TRV,UNH,WBA,WMT
2016-01-31 00:00:00+00:00,,0.016112508100909084,2.884159960177072e-10,0.0014691936280584064,4.855129111922875e-07,0.006224506076648393,0.022006700991166736,0.013888869485124095,7.879036558145626e-08,0.052026226293697936,0.006172011756793458,0.04960463123018702,3.019916703337006e-09,6.62443932731112e-09,0.005360956947739632,0.0006474342616650168,0.008512967770069484,0.02150056140877272,2.5090156014209044e-11,9.086508707870685e-10,0.05873350803966013,0.0006278887745200936,2.50021994732558e-05,0.0002197184872411179,1.2358491160040775e-10,7.379211960799512e-09,0.012060560505547638,4.1264373047908497e-13,0.0010057213501383003,0.10128290709071223
2016-02-29 00:00:00+00:00,,5.7386457885003365e-06,0.005977883806942968,7.38163619173756e-05,0.03871198901921449,0.00492599967779638,0.008043530542955268,0.056134349549409365,2.4009617327697434e-06,0.06319699351016088,0.022348954413093702,6.023683015167774e-08,9.159603931708795e-07,0.00180978838843103,0.008448311387843785,0.004100350139648554,7.272381887605976e-09,0.015240923262322245,0.002342136761709231,0.017193029753292913,0.0257073183955698,2.849909163827049e-07,0.018002419828246626,1.2284348087489441e-09,0.04761802386770174,0.010987267635254512,0.017260966959916007,5.374975394119865e-12,0.0058106435449202555,0.010274089568341005
2016-03-31 00:00:00+00:00,,0.0007118318096891983,0.006622520747300418,9.411215977986802e-05,0.04552369997025246,0.011475544023750856,0.009091425153597071,0.0112259792566939,0.008931416077272006,0.06742598189500043,0.008475664637973074,0.004838686864439855,0.0808842139213981,0.007571521632480941,0.024389444970407112,0.015989928514042535,0.02493195954457588,7.365550539967052e-08,0.020668526714925545,0.02983873880798593,0.047848592143469884,0.05767024135198011,2.8559568387051954e-06,1.6056631565984208e-12,0.07316997271853648,0.005714344171778666,2.1902499273121158e-07,1.64920896033541e-10,0.0003983474410263428,0.029350054327687506
2016-04-30 00:00:00+00:00,,0.0023926423773680924,0.02016124173541899,0.03261454852720403,0.07213793519064,0.012573008313784927,0.028350890912105537,0.052020877724702694,0.021601737439300963,0.06881122332171037,0.040757127219269836,2.4692850017152867e-09,0.05573328592254781,0.004462725347291062,0.0268781337130014,6.732359335289092e-07,0.04696572661384011,2.293010477025974e-10,0.004878768945962605,4.302986637721626e-05,0.04581092782540837,0.027306696854717115,0.03493384042365959,7.35308805616286e-13,1.9470844430291775e-10,0.000455965026900184,0.005993345841833364,4.061861066700688e-06,0.0014945942582552506,3.429451972386577e-05
2016-05-31 00:00:00+00:00,,0.004578993060217196,5.731401448644592e-07,3.4419125211969e-07,0.04242205396192786,0.015574630290431086,0.0003373686016971979,0.148473614683252,0.001084222029715045,0.06142112985234489,0.046863699546285616,3.556806501233951e-10,3.170318993685645e-07,0.010129253319282782,0.012663738890315602,1.6842825454188623e-06,0.01418346347630435,4.896643314906678e-08,5.939408122946482e-07,0.013156458996298416,0.033082552695386035,0.0026881589358372106,0.020720706334942888,,0.018688996497890804,0.01985772038274456,0.003673722926943349,0.02702454466004776,3.0848480262107975e-10,6.484020804838018e-05
2016-06-30 00:00:00+00:00,,0.012644043851979208,0.005296753290174467,0.11691667270030297,0.050043163938306594,0.02481236657120462,3.322262833544885e-08,0.16590795213586776,8.111708005099094e-05,0.05710749480460221,0.009490376659806779,2.685500294804705e-07,0.06591829402746717,0.005301571113943119,0.0077649567773117045,0.02472747272945761,0.0008475295376966402,1.0800503685017016e-07,4.0810435772257055e-05,0.03090816299527399,0.08984741174400464,0.005214749791292993,0.018969648867952434,1.4689826493520032e-11,6.657617200986587e-07,3.261964265108969e-06,2.4980810151031728e-05,0.03770768116800005,8.275904247464737e-05,0.044177893180394556
2016-07-31 00:00:00+00:00,,0.00895558609645682,0.005596747354094936,0.022727413564004217,0.049504902511081125,0.008327326463749998,0.007621246385781817,0.02923684388832969,0.00883904248993894,0.03995791357746003,0.02581806400947058,4.73146986732849e-09,0.06667394676619336,0.02136919202677861,0.02238728170528753,0.026953023925551205,0.0011729976548215818,0.01790658290698315,0.013823435779084889,1.3527266322514963e-07,0.058771407311173196,0.01818183440188647,0.02788632737859626,7.56349299774209e-09,0.025641828756156653,0.012004991189866374,2.862471213848259e-05,7.190563473159268e-11,3.863929773104534e-07,0.00034060951333329337
2016-08-31 00:00:00+00:00,,0.03294365057067597,0.010601789554669823,0.0016402909957859853,1.598642676968201e-08,0.014950548843510538,0.008443257170212305,0.10621082287785424,0.011324787521116235,0.014145687318764661,0.015487297458420488,0.00108666641045155,0.07536999988799686,0.030802122046707597,0.01814814089997224,4.1719761983651535e-09,4.084588549851348e-05,0.01579889407449218,1.813078305414571e-10,7.407180248911807e-07,0.025860779221878447,0.0008925985775361001,0.02222984149115882,0.05711530088560898,7.9374143311641e-09,0.017119808652229333,2.457907033939239e-07,6.411855560917817e-07,0.0005117863033257083,0.0005871146578154373
2016-09-30 00:00:00+00:00,1.0374827421212391e-11,2.2997462529517823e-05,0.008673616172585477,0.029451264175017925,0.04967005584307706,0.013477519669457625,0.023256037191569146,1.7061186622849154e-05,0.0006661993665510639,0.05564672982924847,0.0460982204695569,1.3413793029668416e-07,2.235798073737018e-05,0.018525690429638468,0.02564104085556579,0.039229091200146345,2.2401855159972798e-08,0.01513362961146311,2.0631889467538468e-10,0.01184571576969417,0.017581422515371568,7.775689630732132e-05,1.3457683499074525e-05,2.567768010266597e-12,2.559307446353001e-09,0.011496025609280688,0.004983663018540216,1.1543547556782679e-07,3.353735395185281e-08,8.373462244441626e-07
2016-10-31 00:00:00+00:00,2.491367829771516e-11,0.021756652597339176,0.001122029903050141,0.07399477414234383,0.007744080072295673,0.016527571280273927,0.0016567429755302186,0.23853922805219213,0.009997481561821526,0.07199229157909544,0.02372620868566362,0.04444436664841434,0.058622692105247176,0.008097268991080188,0.00019548213775188634,2.695849230153934e-06,0.0054066370435888605,1.191632693625306e-06,3.723223051919925e-12,0.02912461181162349,0.05980095281069009,0.019599783776256915,1.877558698868294e-06,0.09996318806069124,0.02336984369957593,0.009128170140098762,0.012097948211962658,5.383161047089383e-09,0.04166676582693329,0.0009683179979136008
2016-11-30 00:00:00+00:00,4.4443700735023364e-14,0.008793648003176056,1.4494892062572546e-08,1.678694040704386e-08,8.647207432198994e-09,0.012043689625279824,0.006804150142027046,0.003268867950243105,0.0024059198573116816,0.07086102638235196,0.005211807664409911,0.013776991529304006,0.0967556129731092,0.01848847595710616,2.5487593609339836e-11,3.80129881021207e-07,0.0004605690324481014,0.037732509520418796,1.0431507238557716e-08,4.265942044056677e-05,1.2861253191447295e-06,0.011341823501707309,0.002598477149395017,,0.0013430123603670066,2.1251964264344702e-10,0.002495718688241763,3.79500460459019e-09,7.437478950979632e-10,0.030752083566374322
2016-12-31 00:00:00+00:00,3.3042774911575334e-14,0.008767137318865687,0.00118011996157438,5.762605206297777e-08,0.01038976058018017,0.005764255781952229,0.010638818856334064,0.1363639565887855,5.268212734757084e-05,0.01795395604660088,0.004211630429231053,9.025506598410807e-07,0.04545465547981695,0.00554581999597583,1.789676048619809e-09,0.021568631929547236,0.010643543158860829,0.03846117037763466,2.5282638936125185e-10,3.3611641935099647e-10,0.014927248324539746,2.8054082855986238e-06,0.014079097002466172,0.004063813537039859,0.04545455964832623,4.881978330622421e-09,0.0012156752710799103,4.032469900599477e-10,0.000156326445374241,6.666906732835876e-07
2017-01-31 00:00:00+00:00,5.5786116082305e-14,0.00865959537726436,9.976405486053521e-09,5.920288739490574e-11,0.012818955434225029,0.007936958133666985,0.012346119243672437,1.8759266399606233e-07,0.00704264433149895,0.06048389177595964,0.0048506590081535605,0.18297029086221664,1.7944388582913274e-07,0.013660463328438796,0.003799479186283649,0.005025150782492385,2.6205446272074248e-06,1.324920158845153e-09,2.6299861096378733e-09,0.058463236833497,0.02380912456460184,1.3554642583671836e-07,0.013354221737675248,5.62630781986734e-10,0.02778520877258258,0.013785629059448593,0.00017880846263780857,7.755860806943314e-13,4.473210497098307e-11,0.0018908588151924936
2017-02-28 00:00:00+00:00,1.6509395931969734e-13,0.00912055654395163,5.2155513350688e-11,4.299202368752249e-11,9.94681435526652e-07,0.0017186431289166171,0.01805438273232033,0.04526429427856185,0.0053286578148863525,0.04412402256240591,0.006896619571364805,2.3966330335452816e-05,0.018590367242490066,0.010878073265107173,0.00020159682451986508,0.007081058105715546,0.007247372214821791,6.234715061066935e-08,0.002885374070915259,0.001476942418797807,0.0391158523788655,7.830348654707956e-07,0.002771551107306515,,6.977130312059502e-06,0.003408193593871171,0.014375367589608714,1.1420313670872607e-11,1.1509585850352793e-05,0.06646692561141453
2017-03-31 00:00:00+00:00,8.936544594767136e-14,0.008563633853428685,0.001516661171207176,4.514404589848457e-08,0.016395852803712627,0.010874381820642327,0.009632630521775879,0.029553123041643918,0.019757257962201572,0.018558116295199874,0.014874104015389987,3.958682138141699e-05,0.029481864795767695,7.406338955548368e-06,6.278693997039346e-07,0.011267459033003153,0.01013877254603177,5.03152326447489e-07,7.320968388799907e-08,1.267762286728154e-05,0.04069121938406572,0.043706840965492905,2.7979753799910043e-08,,0.08350700628109226,0.00037898563353559224,0.008938114507241147,1.4908773760097091e-12,0.03855077746968487,0.007667500428421958
2017-04-30 00:00:00+00:00,0.010390843218061635,1.4424309780506927e-05,0.017112757820867047,2.096890154448664e-12,0.024891563752925033,0.03023141233492334,0.034513248052735444,0.06885858428253536,0.008903194127785875,0.024207920207841346,0.022420469058825304,0.1314837885305669,0.07096583601139553,0.01487733737862416,0.010234045972578163,0.016980028699386116,5.3632240098186684e-05,0.003986714726649385,4.149998396140927e-11,1.5141910145898657e-07,0.04032889772233815,0.034467943354269996,0.03404729619565703,,0.14433403257616778,0.008850167496091698,0.008012967322060164,0.000657983539534987,0.09503814870546858,0.036872979433846376
2017-05-31 00:00:00+00:00,4.0172482673028623e-14,0.010421246488846311,0.011371515920991398,4.3382642265004857e-14,0.04852626028177892,0.01531367275412843,0.03650801356888557,0.05289232068396059,7.105858834656974e-05,0.017573675793757817,0.03226082839127153,3.6223766920581018e-06,0.03101574950109141,0.011217375374946556,0.02428200611411267,0.012388425688516929,2.9482454915040278e-06,1.1305890189507858e-10,2.4240000450994838e-12,0.000496913504250376,8.218084743747672e-05,0.011494772983599947,0.005191480726125036,6.764154360549343e-14,0.04293619422171218,0.006155335561916138,0.00017435347989702566,2.044717016033227e-05,0.000277441735470685,0.04069593100943082
2017-06-30 00:00:00+00:00,2.878996617094341e-11,0.013510916389562274,0.013700643655823058,0.03921570649541813,0.0140728466719673,0.01761785740831382,1.7588122315751167e-05,0.00979243185099177,0.018894027357894225,0.10520228671473252,0.023965668230577785,0.0001212296352390709,0.07477578015520245,0.02372752951040269,0.016951457653803053,0.016410748752120043,5.1137713448208955e-06,5.350346526050658e-12,3.581720367950886e-07,0.033309230277406614,0.003879380145677775,8.028689687662274e-05,0.015688120796771794,2.9097549677017705e-14,0.018304241869570213,6.223362248184632e-08,0.014136222280190494,3.04914271438938e-10,0.012577411090359474,0.03480983986477145
2017-07-31 00:00:00+00:00,1.0377008359973393e-13,0.0004099689907677104,0.014289514604307224,4.256191258413011e-11,1.3367887476360444e-08,0.020120253751697424,2.8155092897229235e-07,1.7911599748932571e-09,0.0026819133340521104,0.0558333045484659,0.004908427756801872,0.0008024261911432887,0.06667160028064119,0.015604203419121948,1.4819001783764012e-05,3.321037849512043e-05,0.010101041966036383,1.030116846925174e-11,0.008333081896044143,4.5816771096778685e-08,4.0971999130863283e-10,0.0014082330042702862,0.010466495356564433,,0.001203072618109074,0.006098785801159745,1.1990749600017653e-06,2.6549891311125477e-13,0.002245807770463366,0.11067748846170895
2017-08-31 00:00:00+00:00,2.8019483253464738e-11,0.013391563417774846,0.01826203200973677,0.0005225278941173635,0.00854017594625416,0.016432165309183382,2.8705970166312043e-05,0.0313038676343754,1.1513409377348569e-05,0.00011106760643604328,2.024550960158361e-06,0.027110896087611323,0.0501857545916012,0.009175330991096173,0.019231004164998636,7.590236731651738e-05,0.03417995003631287,4.1868474525226845e-11,1.2155117596557789e-11,0.0004903343841431849,7.840075109345251e-08,0.11869249713835602,0.022178940201413245,1.3106006880314382e-12,7.093514055981464e-05,1.0428588205835543e-05,0.017324024733464286,4.8652387023547295e-11,2.1502455942505352e-08,0.0271562853167574
2017-09-30 00:00:00+00:00,1.725941803864387e-13,4.4691152979090296e-08,2.546356545844831e-08,0.020408044093515543,0.08137593392704276,0.010151143474284823,0.03657214250490955,0.006579208067493547,0.005729451772164161,0.03153871009352946,0.00625409492151633,0.025885836932157152,0.00135545513467609,0.007281654624288339,4.633598704591158e-08,0.0070922042890018775,0.00011184248856803701,0.0005395753579661984,0.021550087709923667,2.6637067468984337e-09,0.007402513393065277,0.04127828158283167,0.031540684758693434,3.227547680665791e-10,0.017477480507280086,0.03591349435402026,0.00016411286743969606,2.7307466939057203e-06,0.04613013162950455,0.012781816336684518
2017-10-31 00:00:00+00:00,7.167497202748261e-13,0.00017471360373592514,0.007987211709118494,2.2951993305962092e-08,0.07642189610403498,0.004490328368578979,0.01149989384427363,0.060497806094295246,0.038921360457269356,0.010767005983018699,0.006541076885588643,0.004979351824406043,0.34777669237669606,0.01245464462101432,7.073521763075229e-05,7.45579604270872e-09,0.01997095392597714,4.618451553701431e-08,2.6844928745130602e-08,1.25705249931955e-10,0.035227805848629175,0.0011352431655316094,0.013248018048778511,3.624351379736816e-13,0.024894263505695426,0.0011170367758010307,0.006454046881393766,0.0010189081766681406,6.9328834682020325e-09,0.03705249240424916
2017-11-30 00:00:00+00:00,1.1614290323473962e-11,0.025411246053951113,0.0033486071097249834,0.010002078006093915,5.001193330459349e-09,0.0002651075807762162,0.007737146761512629,0.038082777166706536,0.01888081739226667,0.03613414335671876,0.009723985303460844,2.364421202266552e-05,0.07708718964003017,0.00021766594083770237,0.010773769456063079,1.1330909592871107e-11,0.0068028726573436315,7.480203011187935e-06,3.003074084210677e-12,1.5112416935090704e-05,0.045454551193052285,0.013912347307146855,0.032881970269045595,3.434828195171539e-08,0.01072688155395633,1.6943886511363325e-08,5.990601481594536e-06,0.01999996232130327,0.00010970650286772352,0.04296978211990813
2017-12-31 00:00:00+00:00,2.4490009688296898e-12,0.00045448832051852884,0.00025146320695356995,1.5898141338125676e-07,1.3590521790390646e-06,0.007168269043130252,0.0013125940387306596,0.13951806561517396,0.00013662563794389007,0.051109141535153106,0.022900443955345365,1.5166467451686132e-10,5.662228244671762e-06,1.0625757799315282e-08,0.010773500764250649,0.007812468153149832,0.011482127645047802,1.3027841990375433e-07,0.011474261053765195,8.064462484922915e-07,4.854571182920612e-13,0.014508095643158605,0.0197925747153008,2.4358070711851857e-09,0.024389448682757133,7.215193037934096e-08,2.035183117841615e-08,0.03125000814287467,8.076690979546279e-08,2.0807294066941947e-06
2018-01-31 00:00:00+00:00,1.281104246368645e-12,0.0035512963895639287,1.1131319501439122e-11,0.03030168898686248,3.995446150415882e-07,0.015430412768796744,1.9469952987900408e-07,0.11111110528546041,0.01970665900021541,0.085303401227293,0.011734855578791227,0.09841976274963889,0.0005345530860886494,7.700933040989498e-06,0.005893352868751063,8.056942395776826e-06,0.008854234629263323,6.684754598709751e-09,0.007234951538870681,0.014888354042240119,0.03703702618325829,9.837618793355846e-08,2.5252438399604533e-05,4.891969523784753e-07,0.026768765425601467,0.013518435185604867,0.025745957280703797,1.3713660154015697e-08,3.380405900036493e-10,0.015625705424641246
2018-02-28 00:00:00+00:00,4.469339508276206e-09,0.012316004500169852,0.01576884181927496,0.04064162524691314,0.014872197238751059,0.011032296532266415,4.098739889291029e-05,0.030219187631961422,0.0002545662586963401,0.032119327733899354,0.04920733325189521,0.024455675758072396,2.800282439567985e-08,0.021821005501671705,4.599190295569315e-08,1.0187419588660382e-05,0.008500087664984463,5.481784941836335e-11,3.628655354666944e-13,1.3151043006340644e-06,0.004219668381129268,0.022005845520464182,0.061017238124770404,1.6819528667912604e-10,0.009873398286300511,0.011846301619905358,0.00048515815921080623,6.078038130575293e-10,4.788785914952889e-11,0.02471978003480101
2018-03-31 00:00:00+00:00,3.894060803607057e-10,0.0002913684832238395,5.719505847441377e-05,0.06879244035785478,0.021353377889670212,0.024694862245959417,0.00829328898254454,0.002264194568223676,0.009054777015794187,0.10536715282079855,0.007013638011306585,1.956321621774076e-07,4.8299581092154506e-11,0.005641946516551822,5.06728762955756e-11,0.0010374798802859648,3.553721220858942e-10,0.007217849735460061,0.00014978942551440474,0.02294679576197825,9.727505970367511e-09,0.04234075982225438,0.015401563122510281,3.2459754265172957e-11,0.03958135475706865,0.001390585545343079,0.016457931554232103,9.805313950548752e-05,0.041666664884137276,0.019507660550378836
2018-04-30 00:00:00+00:00,8.946626084494114e-14,0.0068021352367262896,0.008837001345743974,0.03846060847350365,0.04545613312294272,0.019463760972718836,0.029135542133743773,0.0691424398695087,2.6959171320579093e-06,0.14611895230949343,0.06647189855148221,3.284662102190371e-09,0.2114900843747145,0.011789063200258723,0.012793156711674167,0.006496328360952248,0.02038375793313096,1.80005371031427e-08,2.9762181227943256e-10,0.030300520491001594,0.0004261351537398553,0.034120434800226015,0.009825583695210069,2.8888240059091003e-11,0.08066271529642342,0.01924574212572454,0.0315728752385889,5.027364566875137e-10,0.017770761989893257,0.03424645449551451
2018-05-31 00:00:00+00:00,3.991109897966416e-11,5.210745821395527e-06,0.0010680418220398377,0.0861896108060227,0.06555129970615618,0.05411662339259565,0.008940423808952857,0.0446606526988781,0.0074082932468652616,0.03793855706519749,0.05117451642667892,1.3766498886406222e-06,0.16666662712853508,1.2732320943326605e-09,1.5104489223943646e-11,0.0019953378835284165,2.299178335389994e-05,6.53034328679128e-11,5.5008220258574696e-12,8.661633616555109e-10,0.03030303498444907,0.019163675451025243,0.0104106194342625,3.044940596652373e-09,0.04469699555442889,8.103507307316012e-09,0.028570256575136038,8.129632861727163e-08,0.0034184224057633174,0.019453634030503764
2018-06-30 00:00:00+00:00,5.793721675396109e-05,0.025804950869489182,0.01817026675945593,0.035718858866853984,0.036978699486738036,0.03169432473311981,0.007756837611419707,0.24135423350564986,8.663124007021692e-06,0.0817028344261817,0.015496422947483051,0.05000070573983919,0.19565777867858808,0.04542116595772277,0.011904782773700334,0.012143300450356801,3.8348073667272926e-10,8.85153539509773e-09,0.0073742971894751016,2.1163527663660957e-09,1.4299750715587214e-11,0.002551306757925307,0.05550630073198095,4.305929157484e-12,0.03358754569980845,0.006172873037734233,0.0038618315141579467,1.1918787385832306e-12,0.0003584446743426484,0.008445614731356663
2018-07-31 00:00:00+00:00,1.257908476227321e-05,0.0038610153155195456,0.02418744335837115,0.015536593778777948,0.02868045168749515,0.0031716173930650946,0.002306119260499942,0.06233820514423395,0.008771781777430161,0.0806962854560684,6.21315966154661e-05,1.3292212461346307e-06,5.0956526536099724e-09,5.926890934946026e-06,5.779249347598344e-12,3.7567554388850987e-06,0.022102657730404783,5.411707576704796e-06,1.3496212817976372e-10,3.5872523694194383e-09,8.946460093685993e-05,1.1752903720174229e-08,0.010754601837131497,1.2236777152893435e-12,0.029210487030394246,7.24303899957753e-05,0.016962017893802802,5.926736653437439e-13,2.7127157347344263e-05,1.1971346066667046e-08
2018-08-31 00:00:00+00:00,5.137608223691866e-12,8.571659722312701e-05,0.013698732891666423,9.10996758857147e-12,0.009911444422904266,0.05129689498194893,0.00930799810361858,0.15067611609121115,1.1950192554815262e-06,0.05655881342144957,7.915969811380963e-06,0.02221716111306836,4.2273212623102023e-11,0.015538173663526056,5.91198055696928e-07,0.015072016001654708,0.011786896825392834,5.7082060587222995e-08,1.8900013683644814e-06,0.00014407429078986056,0.0009214641198887748,0.007048208211851012,0.018161247620355914,3.5321683134753665e-13,0.024424764641958408,0.0019210658194735459,0.042672275931201833,0.03846534320592365,0.03999797114613927,0.030750624489147022
2018-09-30 00:00:00+00:00,5.6114549742721746e-11,0.009420372719694587,6.163232985055279e-11,0.0649516258734547,0.029119928887679624,0.017978189167226495,0.010416672334349333,0.1785690391955706,6.0873805534714295e-05,0.06249907169164479,0.022005569624878898,1.0908756550595401e-07,1.323120839481877e-12,1.3970130277973824e-11,0.00018321658941296775,0.024367863035570148,0.015429267683032506,7.851900398554238e-14,1.2260814104770555e-07,2.665988778144885e-12,0.045454545940840155,0.0444944060426708,0.025768414274615712,5.0184100333759865e-09,0.018277521840621133,0.020968410259432944,0.014712024180090821,0.06805037434145564,0.00820575824339935,0.017857173430821435
2018-10-31 00:00:00+00:00,7.977817715875903e-13,0.020618842369517467,0.003232273832969434,0.07911543981091099,8.559423253133893e-05,9.93071758349587e-06,0.0014588464859308923,1.1915309804679993e-06,0.0002891057309645701,0.07716897724114388,0.05340991376022076,7.729570083670964e-05,6.884452777733679e-13,0.01747222566720424,6.915208978142006e-06,0.022182600423147784,1.7185864551449724e-05,9.771668339029986e-13,0.019897366814933964,1.4291394907829732e-10,0.022205662015593982,0.0006050983098178853,0.024302158823988115,3.9547649715119895e-13,0.037890057233481135,0.003919429593243987,0.0049487371676639625,4.3798634168129e-12,3.3635500814407708e-09,0.046614644178430927
2018-11-30 00:00:00+00:00,7.586855314213752e-11,0.019595458595513773,0.01923087205104898,3.769860247786991e-09,0.016836897299869796,0.02941306948108394,0.01856178936170608,6.5607205949746305e-06,4.934080636008634e-06,0.09168444953969301,0.015372113522861306,0.0008822077033435684,4.284031822612022e-12,1.8300300738326107e-09,4.215146128927011e-11,0.027829138287550532,0.01012082537304723,1.039009347476371e-06,9.450954657838773e-14,0.03927853073532907,0.03333300288116912,0.024389791326575802,0.014483158956996913,1.0035672795977123e-11,0.04490326469011828,0.013257461076180225,0.03423494107800941,1.820694233615621e-09,0.023242844432350213,0.011298486520767554
2018-12-31 00:00:00+00:00,4.2631711470256445e-12,4.9527795967130595e-09,1.5892620698955736e-06,2.314833370048003e-06,1.2757600471099158e-06,0.02384345174239168,0.011541632898014267,0.0005315898556582399,0.012048141650539683,0.0399980489020696,0.005526794500156313,0.0002132426431279196,0.0035564207372221763,0.01546505855778472,2.8605774404103526e-12,0.013513514827066662,0.012909134208314119,6.611301430731738e-06,3.5394212772329815e-11,0.05814315258596655,0.08491117975230197,0.05773077882246401,0.03716204404941911,6.325119285113704e-14,0.015017008972260151,8.753027800998932e-06,0.01722078870429573,8.428363854071587e-13,0.024999861240272835,3.4425144148190322e-06
2019-01-31 00:00:00+00:00,5.0660830195113825e-14,1.7164193984010172e-06,0.00014973206573875273,0.03030306396828766,9.948243907618486e-08,0.011906170823744542,0.013758775221057057,0.12749180273806832,8.472636961517539e-06,0.04276315420966477,0.009322777222990396,0.010310554746737062,1.6421327840788856e-05,0.015908378186486754,0.003884122836059647,0.026664928073768534,0.011537395343813633,1.2581946369221429e-06,6.188362803177284e-13,9.616098116174069e-09,0.05210748914251465,0.001868227675555065,0.01774422139398547,1.869362321195204e-13,0.0402647482826211,2.823082525669778e-05,0.0016597501222468704,2.971458101001567e-11,9.520708615368069e-05,0.0015415672481599563
2019-02-28 00:00:00+00:00,1.8312373731319058e-10,1.9084706472855334e-10,0.0004518002104780527,1.2783938423766188e-07,6.217407561316736e-11,0.06839596719930992,0.007578968552403782,0.07322586600037552,0.003144195499556564,0.1670251325672654,0.009849956075083826,0.02083345967610116,1.4674559523926113e-11,0.0006442427215982194,0.014863378676969612,8.72066302669367e-11,3.172138572995223e-08,2.3976707548133327e-08,2.581374274864211e-07,2.2892151278263193e-08,5.505763852649309e-06,0.0007868294680580095,0.021016258632661745,0.006359363491690638,0.01455023679963576,0.0002913977505103058,0.0325004106353323,1.94406449119229e-08,3.344249276200221e-11,0.037975660009245835
2019-03-31 00:00:00+00:00,4.736746512761966e-14,0.020131629423284256,9.103993048920412e-06,0.0007882228979616186,0.008247197603521831,0.00013879779353687607,0.007398775687175365,0.019645135799801913,0.018174363479302062,0.09845275599707855,0.00888681164388693,0.013323874560316458,0.12495900518793136,1.3100740568723868e-10,2.5019391233988987e-08,0.011302142746152374,0.00041351875843927485,3.098243354348541e-10,4.1357631778781917e-10,1.4078057091717059e-08,0.02786400553361248,5.728199043432327e-06,0.02229370816125292,3.6532152336644615e-13,0.031956863722266575,1.2424209258504242e-06,0.010924331008934772,9.448181314566243e-10,1.5095455048382993e-07,0.026229321175064258
2019-04-30 00:00:00+00:00,6.062364583305045e-05,0.0005121279382077017,0.02439025144580273,9.03952736341126e-12,0.025833099526662826,0.086965012197726,0.030440598986331936,0.08167969578033307,0.01030396406727421,0.11150443241396354,0.04383853022414168,0.018801567904590914,0.05947691647382363,0.032787527908154,0.020408163277392838,0.023255731761520085,1.2865760716839192e-10,2.24480731775816e-12,7.857011595365776e-11,0.015478754073498673,0.03480541624086531,0.014949782976521192,0.1113157328196096,0.03358865754786695,0.029504760671739648,0.005975206838142964,0.027019707210204816,0.009970481020975268,2.308020446884929e-10,0.012310787726311648
2019-05-31 00:00:00+00:00,6.07068649035509e-13,0.0012753832660334114,3.298040740144671e-07,5.581199592527279e-10,0.049640196064818905,0.02190377103071757,0.014505499271571723,0.049939026279974166,6.189251464240802e-06,0.028834961415535477,0.01574027547798392,8.777478157405111e-07,2.8676787502709147e-09,0.05757491197012716,0.011172820968335348,0.030276985436449768,0.0008884664534405059,7.547827469658921e-06,2.7417831124163665e-08,6.138982515830435e-05,0.12795749781087667,3.514748881492885e-10,0.010666821770265776,2.6048342806176735e-11,0.0463556714589625,0.0011190035794559205,0.02042748792089133,2.0986353348674433e-12,9.29387165639283e-06,0.06009269619224242
2019-06-30 00:00:00+00:00,1.0295598617231943e-08,0.048348023096755684,0.02737003927380789,0.023294962816324944,0.0031567530790415897,0.03884907265777542,0.017406357372329928,0.19714038332472023,6.269390064086036e-05,0.1600985775987317,0.016666880436246232,0.0005979356961287302,0.16788698264276122,0.018200397924441516,0.0007463690923291879,0.023521695135291495,0.015146055768199787,4.909204676206927e-05,1.4688115733107757e-06,7.899046065941207e-05,0.05133694087388765,0.05190269858708008,0.038179012394195085,0.08695915018055046,0.028631255115390983,2.679261650021945e-06,0.03489822067391647,6.615522954268535e-12,0.0008858429297265016,0.018900795337564107
2019-07-31 00:00:00+00:00,3.7792361096922577e-13,1.6375051440214222e-09,1.010482425739457e-09,1.5298823616227606e-08,0.02372781803085659,0.04154891653167582,0.010297201044432911,9.874319802608072e-08,0.00022764615990444848,0.04303679444473614,0.006361735688819179,0.0006773144250227988,0.04557088389223232,0.008916210983869513,0.021739188166636437,0.014285796921565737,0.013266143458755495,0.0006163079122469705,3.9462513440001483e-10,2.4473117717972838e-08,0.022116707888938283,1.79137132368572e-10,0.013838721802600311,1.7699812265295505e-06,0.022488929766087414,0.007413609852594297,0.06491492307241582,1.1783549080104775e-09,1.670930235961035e-11,0.005478323998127747
2019-08-31 00:00:00+00:00,5.886857367938952e-12,0.022733369714022397,4.350083027016168e-05,4.1624112521388356e-12,0.012594391800510063,0.051552449668963246,0.022770288362681076,3.1997208057220146e-05,0.0022299585786776633,0.18754089247906222,0.029842616181664647,0.00042039650393450693,0.0007981823817776612,0.02817378588072446,0.027777806651415344,1.5425441247623055e-07,2.3485784546378384e-08,3.6495233139507764e-10,3.204997466471546e-08,6.610644665374215e-11,0.021727422919787354,1.0159865414324463e-10,0.029071151616433664,4.032042354260246e-08,0.0005250887688814837,0.0002551620378889313,0.011257338852924003,2.8557684280757966e-05,2.405878529345322e-12,0.07290165356220293
2019-09-30 00:00:00+00:00,7.334965459236214e-12,1.2854670952456728e-06,0.03607031747287874,0.07148103949145844,0.0018626921478112183,0.09695176638477476,0.049291537449438615,0.05110961775989903,1.7055422009604107e-10,0.1519597333221495,0.05508105188892152,7.421128676364632e-07,3.816280615755228e-05,4.000327271330721e-08,0.0042025726155580315,2.4684172947287684e-11,4.0086920873807707e-10,2.8868917369769962e-11,2.3179699891702448e-05,7.290189184316849e-06,0.050663664060681374,8.728729335322693e-10,0.019909405068874914,1.4084674703632647e-09,0.038294923351422996,0.016279629777842152,0.0035798542659886442,1.0741104549866628e-11,0.0667817381809384,0.00014602965280878944
2019-10-31 00:00:00+00:00,2.8071785265398333e-11,0.00011210944304120121,0.013343486814812565,2.491093245959332e-07,0.006273757137163631,0.04906833256933502,0.011241842214952166,0.09085606627183075,0.0017616789110694346,0.046806849804471556,0.043768078336412115,2.9290279962069727e-11,0.06894169212998606,0.0009378107312678471,9.137625771232884e-07,0.01348261605221251,9.993188526603653e-05,2.16036648844814e-11,0.008142232343521424,0.00015494914324989273,0.04665046410212192,0.022470440220779465,0.03939014636606182,1.194560977276071e-12,0.07505393246545139,0.011464855052773164,0.037688789104352596,1.8587692948660917e-13,1.8222302269691092e-07,0.06805390515202951
2019-11-30 00:00:00+00:00,9.933993647979043e-13,0.010981464651002033,0.013422948982844275,2.2982462070827803e-09,0.018518634454251677,0.02921375278030719,0.0021940458341008877,0.033413956098567246,0.004469392006250255,0.2606148078945859,0.037245218628893816,5.200055543361563e-10,7.86578544138213e-07,0.000425573136434403,0.017545160876506902,9.557473092922522e-11,0.00015192995182615785,0.06514744940293503,0.008926772207838518,2.241464987673208e-08,0.0010276939225643022,7.02414386115965e-08,0.0052477551236869225,7.353333726564738e-07,0.014897587644910622,0.01636282908174781,0.027493588706522423,1.081347001622735e-12,3.262791115376198e-07,0.019588552800844112
2019-12-31 00:00:00+00:00,1.4487095180336544e-10,1.8827635535588076e-06,0.012948540930758224,0.025691513873116578,1.1393109240961684e-11,0.02238098370629914,0.01879860225038021,0.050061347577475504,0.0072996715197482884,0.052462819470244816,0.04826825772683098,2.653929275444062e-06,0.08061281707781023,0.083048363346314,4.526948570154206e-10,0.03773593296364234,5.666027050858257e-08,0.04761943050124509,0.010441109176619357,5.488030048731573e-12,1.9235353453999515e-08,1.172946926218537e-06,0.03700130781034291,9.005397163432233e-14,0.028600374193340994,3.309457643592036e-06,0.00013535281129084582,0.01753938433270562,2.523127165588313e-11,0.0833343426225318
2020-01-31 00:00:00+00:00,2.4543419088944638e-08,0.0016840558710833448,1.536937288567445e-09,0.11775085401436552,8.792588159823694e-05,0.07186708407124306,0.03408715495008428,1.5331839756119477e-11,0.006881984782686082,0.10740959816867081,0.034286349732987186,2.0154856425507466e-06,0.0999987405384785,0.022193445292824677,0.015278848411946242,3.1181100757661897e-10,1.9839649497734226e-07,1.864304250346124e-07,5.2874820699351156e-08,3.2365776375491567e-08,0.0813618692185007,1.9348719901297372e-10,0.05317065974562802,1.2299959042992883e-12,0.027617384320444027,0.0005770087210438339,0.009017949995053513,6.438205772846454e-13,1.263010765570999e-08,0.00027307716630815143
2020-02-29 00:00:00+00:00,1.5370465347806114e-10,1.6675648745072014e-06,8.278512300363881e-13,1.5172366155161283e-05,8.68005980893152e-07,0.05896182948012136,0.013565644801708061,5.253007110784562e-09,0.016696574084964003,0.16670286716815053,0.05296634457769333,3.5039512453189726e-09,0.04347835068103073,0.06924822541308977,1.654170870403926e-08,1.2126018149525697e-13,0.01356176046661535,0.00016486006866387427,0.00011331783056739943,3.519161198764479e-06,7.388874319604679e-06,6.8472998165039726e-09,0.08405591998663992,0.014488558977940368,0.06387836490608065,6.987835233943992e-05,0.023737891559234114,4.165182480296425e-13,2.0888446143186344e-07,0.021658848332857278
2020-03-31 00:00:00+00:00,3.387014916122005e-14,0.022724738720159426,1.0578905155349293e-06,0.09182872995660506,2.1478255989762547e-09,0.03086969982911976,0.01180876321220355,0.11111050450663622,0.00825715560190899,0.05555920947941129,0.005315178760931146,0.030359315082052345,0.04347844703119666,0.045437842116270694,0.00048672568356969274,0.015384618820715672,0.001862368284198051,2.4668428284139087e-07,0.007104574584649549,4.5537212180385553e-08,0.045697883438038704,2.5330882449389216e-11,0.028487425569752475,8.321366509486496e-12,0.019436914660898127,0.027761289012526856,0.05001461498140987,4.9306444587186164e-09,1.8561096209671317e-08,0.055557574167421526
2020-04-30 00:00:00+00:00,6.801642294088463e-13,0.054536062245208766,5.441177652609229e-07,0.14712733105072234,0.020000007762451272,0.029509680756925318,0.03350834604067905,3.439479297319721e-12,8.558819479351107e-06,0.041668668145109444,0.003867017821186011,0.014149649599390886,0.1250361209739791,0.013787242232061478,0.018979428911584995,1.4039985040535865e-10,2.374258172108429e-10,1.2782861168693546e-05,0.013314237547627178,3.6421452358043115e-14,4.890315452987147e-08,2.8296820005254226e-10,0.051851770803564866,9.15894514812939e-13,0.04042103453843771,0.007841977171405013,0.015622036325859203,1.6441658110733513e-08,0.005243010182345052,7.442013938087107e-08
2020-05-31 00:00:00+00:00,3.812460044317335e-09,0.0015097445890716855,6.181401260587388e-07,1.3487345695055608e-06,0.025480291424649592,0.04702965829737967,0.02040688986299753,5.1594459208343805e-12,1.7806686987420586e-08,0.05000378539518931,0.01714134816987187,7.493935455683217e-08,0.04998575540972496,0.04626512179728949,3.435619739084544e-13,1.0585054115969761e-05,6.449476341910306e-08,9.941955446321413e-13,0.013330557034953576,0.16666651855636933,0.00032921291590563145,9.121528005934547e-07,0.004696189991995424,1.6625246536127942e-06,0.049559309425538524,0.015351471373862445,0.019781028588700397,0.006366971677969286,0.0638774627872459,8.428318622149116e-10
2020-06-30 00:00:00+00:00,5.939949899057239e-10,4.914000296615633e-06,0.04545463794149611,4.789488209525681e-10,2.0761551275937994e-07,0.03143434946104179,0.021286508026925763,0.15384998647860687,0.0549827800565192,0.2866122464428063,0.01098844094858791,0.02288519643014092,0.060609478524414416,1.1135333243663971e-10,0.021649050769656532,0.021361073561083393,1.4228717848409146e-11,7.377571419431997e-13,7.05861150028165e-11,3.3214270899848544e-07,2.2389809431318033e-07,3.553478277942757e-08,1.2609635723321554e-05,7.480992995577806e-12,0.0416536643399357,0.029581587403506204,0.019710410561873747,5.079469539914233e-08,4.212467301362052e-12,6.719979499909694e-12
2020-07-31 00:00:00+00:00,4.0381545495912966e-07,0.05524485360678036,2.1908655771544333e-12,0.09090909102919338,0.025000000430116937,0.05175785368148673,0.01911680108572013,0.224483890367354,0.0032835119842726263,0.11538382196299247,0.02746578255204193,0.015616951862963416,0.01819169682689444,0.03454237402334883,8.286632210866946e-10,4.804517055107031e-05,0.030316534450951168,,0.023422151932444867,,0.019607842384188952,0.012768757915428544,0.062029986669620944,6.723004061163989e-11,0.06333927299585479,0.02732561933672829,9.659116332699208e-06,0.027026868112010403,1.3452827386642954e-10,1.2137943916812908e-06
2020-08-31 00:00:00+00:00,3.6758903388465844e-09,3.3198721626019903e-06,2.7300914129554727e-11,0.045354639491732,0.01492669317099946,0.030053625397184116,0.01629935468055436,0.10015443906076318,0.009427653815280284,0.00025265542667482396,0.02354268172670263,0.0001322229454490435,0.011285306543010782,0.00035153952143673987,5.237144917760777e-10,2.129654608713292e-12,8.245024414523426e-10,,9.652148196095232e-07,1.1347777245526426e-11,2.8881121395678147e-05,0.022221643526429136,0.03787864851160448,8.792142007180078e-06,0.06467938692490302,0.005384887140582019,0.05202667190929317,2.1263064055619715e-09,9.864854459197397e-12,0.025007256838082997
2020-09-30 00:00:00+00:00,5.8326124227737e-11,3.7369546632946133e-07,5.5199981701596416e-05,0.05000354222093869,0.0004818079663329151,0.042451821540627294,0.0029626968607351922,0.26122888034577274,6.738102415671459e-06,0.1708207833639307,0.021459927548157242,0.015458677607919859,0.0067343037145252554,0.044444443866764556,4.6807480305465714e-08,0.05003324310625349,1.4247335298355683e-10,1.0828058165220082e-08,6.463122973756511e-05,0.02857143059433844,0.05882074780048972,0.02460343050805803,0.04111862302007437,2.495774511328734e-10,0.06833843324679942,0.02334492639792486,0.06539724734679525,0.024047921618478987,0.007835986386703749,0.012820517162218383
2020-10-31 00:00:00+00:00,2.8161657394700666e-09,2.673664198468051e-08,1.6064240620592922e-09,0.06380596784513129,0.01969597670111125,0.027491841147017373,0.03199140780147744,0.1616250432428809,0.009433978242748229,0.0009590571996262729,0.01588858240269371,0.012820521345215318,0.0002456605360330622,0.022221790802337646,1.7791846574654547e-06,0.029686700850740877,3.905028617653044e-08,5.624132169976624e-11,0.010309342089510707,0.0004167621768702881,0.0006317792830848706,0.01492522520795557,0.05576854192342796,0.00574214636894177,0.11456789926950083,0.013991871175289102,0.010810462224806423,1.047127360616946e-05,5.248151007536326e-10,0.042308892427473606
2020-11-30 00:00:00+00:00,7.068038178882541e-14,3.856559753855466e-05,0.006091350053568892,0.0015672152765314063,0.01783333459375708,0.0363597325128431,0.0114120750974488,6.2510652172439606e-09,0.008601911416948356,0.17393735993687393,0.018843645776658754,0.0153263658967632,0.03572265238450968,7.19643889617269e-08,1.2278688330400364e-12,0.006835067647123088,3.098913445153154e-05,2.585458212477637e-12,2.1142922298585776e-05,3.415466870724647e-05,0.03345679674157934,0.02105263335256018,0.028177710930561112,0.022064971422967213,0.03007472242268678,0.017494061943230884,0.03560594898712281,4.193325198122754e-10,4.2981209832519465e-11,0.07437890954592176
2020-12-31 00:00:00+00:00,1.040929913633292e-10,5.1391833821541104e-08,3.449457607347991e-13,6.908756137430878e-09,0.017101023227374217,0.0039678819704871224,0.021321547307104134,0.24997732766441486,5.924083317905643e-11,0.09734455850782722,0.03773996052966784,0.00965101228846829,8.176149249342077e-07,2.132381388900168e-09,0.022757890046036764,0.027501588421251465,0.0019698281120155477,0.0001383448152601472,0.015873254462575967,1.4353420160466387e-06,7.75105373463192e-11,4.108909606538634e-06,0.019399438286487714,7.090137704349352e-10,0.025183007804909587,0.005459245622671103,0.017083883255665604,7.497816099731358e-06,0.0489392964717244,0.0002153342817804142
2021-01-31 00:00:00+00:00,1.2905304489127582e-13,0.11428572575798222,5.55636934490981e-11,8.40583346790161e-06,0.16205343256552607,0.08220291078974896,0.0008901560250038894,0.12495611020626295,0.012896837319651125,0.13937205798067812,0.013136248060614537,0.025000013187011026,0.06745611772882992,0.00023218588365723095,0.00015197604119138105,7.776050279804285e-10,5.970178044523785e-10,2.4036517696394133e-08,4.119547601905776e-12,2.525540996631366e-06,0.020824387707337473,3.365763672242069e-07,0.050880251744197885,1.9198099895391748e-12,0.05718151382486693,0.005164902790419473,1.9711942215235775e-07,0.03846171752472661,2.6802019675369906e-10,0.008185956961944237
2021-02-28 00:00:00+00:00,1.4216465257099235e-09,0.04044177216008047,2.754795478289611e-10,7.411549732734288e-13,0.020408163820168395,0.02082763987867838,0.01010272268839619,0.14285713681761708,3.166235356491898e-08,0.10201243608538095,0.010018018676266519,0.014855178498422375,0.030275319813223567,0.04347826101133273,1.1289589551637863e-12,7.089523361905882e-12,0.05258160824136715,3.064260704571667e-08,2.457917146446916e-11,0.023976832730143113,0.13636363624874406,3.975680208037673e-11,0.024980027429471145,3.30357154875183e-11,0.03035567423114433,0.006540142272901366,0.05250504620233101,0.041034254696624806,0.03545189029878044,0.025320753369086756
2021-03-31 00:00:00+00:00,9.638827298591255e-10,9.124935225723247e-11,4.46994464804863e-11,0.0018544424081804363,0.07359364561031118,0.06613119890410658,0.01126007333962986,0.27272704600277486,0.01827838661690862,0.16695592979984947,0.023617678922598133,0.023843240596388565,0.0040752653479241225,0.02631637423756364,0.00010090025243119923,0.01608122994054056,0.027028567995335862,0.11106993873383778,0.012500391636175803,0.06276616504555592,0.016885024437609194,8.905097973397755e-09,0.03506018894992253,0.00021742961648643237,0.03914093911792867,0.030045380813768743,0.016775878116778168,0.0163284006913043,4.171393043802584e-09,0.02772494776747165
2021-04-30 00:00:00+00:00,5.487758193462546e-10,0.10369864901845802,0.004414605795636023,0.10021167605267707,0.02564880102541714,0.0717930425161375,0.023020760831829433,0.1053715029229786,0.019616573971187243,0.10809050961654182,0.052346462849277214,0.03947367784467997,0.11538780037839949,0.009523805702468906,0.030431872479042815,9.758603290681453e-14,0.21043258984592095,1.2100898952976318e-12,0.11462540488343051,9.943181195423235e-06,0.32054328406713917,0.036955084318080436,0.0508176341309603,0.0500268826627724,0.034465056249831476,0.030133833799571363,0.06511417111289208,0.02120385947310273,0.034972805071259605,0.03126395807044033
2021-05-31 00:00:00+00:00,3.789933225360556e-12,0.01151052567848576,5.088475872506791e-06,0.153972922833,0.06938818869134036,0.034648678554739486,0.023911973341087363,0.10001219934999664,0.012959204163996341,0.03336820962267324,0.05690780747484898,1.7325537035186855e-10,0.040121121878356834,2.525989095395316e-06,0.04008548035009181,0.10172710753688173,0.09090914053818841,7.42997168787039e-12,0.00013069589432755874,0.03029199364229445,0.09519843409586289,0.0227272813788946,0.019689707332417747,0.016940051282868532,0.03827553015741381,0.005583409108651816,0.045437433086725175,5.916527530745756e-10,0.014875745824869425,1.63201438380639e-07
2021-06-30 00:00:00+00:00,7.45235356676746e-12,3.737255116693618e-09,0.0015242085849375832,0.09090933130062662,0.035002482992973885,0.02057811305612325,0.04789227799169798,0.4000113096506554,0.0022310328092676936,0.11138940537851158,0.00994789714935325,0.04737559786251829,0.10200234233603497,0.007937126378159475,7.576330640850027e-07,0.0011992376661546236,0.02465213088995049,7.620646667923603e-12,6.987742411704299e-07,0.056593136692280194,0.04907560283623548,0.010154637960426764,0.016733474545220714,4.077718687871657e-06,0.06393008203892006,0.009814083117932464,0.03900144703972464,0.04545454545130692,0.024635128168672984,0.026717639899642334
2021-07-31 00:00:00+00:00,6.375008990483749e-12,0.02400174395756123,3.92147828977696e-13,0.0004773138644906572,0.04765335795247368,0.040386259227098445,0.06316968938876902,0.3341638861484066,0.0012250277397321274,0.05917395379088352,0.045640754516940746,0.027027049950516312,0.03220916284963394,0.06423680931537744,0.0023725850041621498,1.10441284192463e-10,4.807806097808378e-09,1.4300246106612387e-09,0.01920685052449583,0.03243887247457752,2.4090378803842864e-07,0.02717657885411752,0.031370626464186424,2.816444357999364e-08,0.035729352095285,0.005051189112638495,0.05261806747523922,8.086206122518395e-06,0.0008913044256218665,0.01646480588392727
2021-08-31 00:00:00+00:00,4.991491872839549e-11,0.000171945281795954,2.0411902765266827e-13,0.07959599824489719,0.03661962383910166,0.06486889985531835,0.02913542305089704,4.436569062273448e-06,2.4170319211881467e-07,0.2012082957367079,0.03673176225534985,0.013333962662677478,0.0022218207525730145,0.045411665650907214,7.843831169858647e-09,2.336629512162638e-13,0.0753767997513942,2.9274985661022166e-12,0.06004176171073379,8.428160046934588e-05,1.245132475036443e-12,0.007565246825527508,0.018181935969197566,0.005744864529656152,0.08575052487517437,0.01711608228000957,0.0002719358810030768,0.04968175517521024,0.058816028682950064,0.0007240293442132339
2021-09-30 00:00:00+00:00,1.1424644333603248e-08,0.01776499219830624,0.057142859872461066,0.031710241127166854,0.0033161467636557704,0.1015286560004349,0.03490101307521199,0.19782459690029736,2.663300003888923e-10,0.16188140744238388,0.040728880614734,8.318153613136203e-08,0.06371901625255533,0.011367503651203864,0.024390176327654056,0.047476908937641435,0.031250000694774384,3.735090553957251e-14,0.015768740083483425,0.00043750000827297135,0.13636363635681994,0.015625012264449095,0.008447335038241337,0.0028229054904363358,0.10224874579781247,0.013904986783850817,0.03231260704693859,0.03448308650102376,9.985232882902335e-07,5.418022933302208e-06
2021-10-31 00:00:00+00:00,4.776353838193026e-14,0.02664638316264271,2.800739376427632e-10,0.08154618792845457,9.686535997581175e-05,0.06390026626836147,0.05152525886100547,0.1902439732639729,1.558042912408605e-06,0.13508020110311458,0.02499421218346502,0.07293173972109562,0.04089486279002807,0.0007431162818821966,1.8538870595945786e-05,1.3455542482807707e-08,6.410832819103394e-08,9.29692921525023e-07,0.06451610834136635,0.0007608406548311734,5.222277354789914e-09,0.016129571816253883,0.023310410441984435,0.015384629226895206,0.017992115165556648,0.008800141850078812,0.05264927199577402,3.053757565712499e-08,1.5180121879984223e-06,0.026960583319773794
2021-11-30 00:00:00+00:00,1.5240223365922752e-09,0.03412373824949204,2.1135705828970826e-12,0.09340075051608544,3.834342079254342e-08,0.155237133779079,0.06784814440012847,0.1428771020580212,0.0002670212726378772,0.12037574207497692,0.038494734742401275,3.122209952559632e-06,0.02083751108845844,1.1333520407785813e-10,0.006156111655805834,0.03508771901324105,1.6218437103990257e-11,5.237504624871807e-12,0.06506958351433785,0.009638662457507798,0.05882452704189127,0.0026622913097886607,0.043856352828260774,0.000424635826583807,0.0253548838752789,0.03493874048070145,2.1553905004482272e-08,9.019247510369046e-05,1.1908222627578687e-06,0.002568141205537034
2021-12-31 00:00:00+00:00,1.6714218225099983e-11,0.04063820358756553,1.916028692311875e-05,0.15877107558246797,1.9302014028552123e-05,0.06189271644666786,0.033433161698756084,0.10718414332663335,2.484607091589663e-07,0.16103334029950273,0.04195386615855396,0.020717751820351654,0.040052655682852184,0.053744373222828316,2.540058572796302e-10,2.033119963265082e-13,0.03854791280869573,5.9918720312092635e-12,5.4062108686371945e-11,2.2886826105249524e-08,1.474663695085254e-08,0.037230552001351065,0.03048618580875955,0.0072839346718178676,0.05606295568990784,0.016942066123208917,0.04692440909636951,0.04786134754646885,1.666999257392496e-08,4.957089641872292e-06
2022-01-31 00:00:00+00:00,2.3083089724689447e-11,0.024975222826129306,7.263273532635592e-13,3.541490141735144e-08,0.0362131754418361,0.08241708630414887,0.04743357636578107,0.05555645231311937,0.015080870694376827,0.08337323416684342,0.019769066331441147,0.022200390610213075,0.007040538179719189,0.020838999469839473,0.007953385160327363,0.04166666967666786,0.022727274332559232,9.545638389065364e-09,2.678112797102855e-05,0.06368718956965828,0.1016574349398712,1.0816410030366164e-10,0.031585154264838655,4.949043550389324e-11,0.04288124522027519,0.014326164875405147,0.006372823905133126,6.716137566959921e-12,0.03703704566780347,0.023809028795696373
2022-02-28 00:00:00+00:00,1.1359368607652272e-13,3.2409042595526225e-09,1.1322180721953793e-11,0.15385034254882687,0.2068192926981377,0.12764613347507542,0.027904740476333904,0.2593277672187983,0.013335312494030133,0.18434656268213923,0.04545794322167074,0.01831879734817496,0.20000000000500343,1.1823418479646224e-08,0.00030146994609818315,0.1333333333340571,7.119232595461104e-11,2.0603085881409306e-11,9.683321425945657e-05,4.776578222460265e-05,2.41040782521976e-12,0.05454458051635511,0.018710345921055395,6.673474822342262e-07,0.028092971429886426,2.5865985400160026e-05,0.052631878934346565,0.05263446005134676,0.049885350409220396,1.649807701100516e-05
2022-03-31 00:00:00+00:00,2.1065081974983708e-13,1.9766674086065276e-09,5.121029212788493e-13,2.5573118846960313e-11,3.57815910402111e-10,0.019300399496791663,0.056337597948369636,0.1942343146044366,1.912217314591619e-06,0.18123250954666614,0.15756901504679013,0.03591630419974458,2.8078921634914105e-05,0.02916812028441609,0.024013785486853012,3.300729885699251e-14,0.00029377407331273746,1.1292182183057877e-07,3.2720988040269986e-07,0.036870596036937375,0.09083219637510363,0.017638250487071763,0.024856121119908876,0.021649981956015,0.16667784439656144,0.01367414212481855,0.13508245702542016,0.007419715826096524,0.06598664510739216,6.098834241002766e-05
2022-04-30 00:00:00+00:00,1.939487193015781e-12,0.07572926469600635,0.0880705359151906,0.12554332625696035,0.1081051549535291,0.1400150518071266,0.10941416416152809,0.18776823007170163,0.011628454105526756,0.19022724487643355,0.12159852298939736,0.03338301907975176,0.23638832087560605,0.028257862619755377,0.05567866276981898,3.103650815594624e-08,0.18751082218762102,2.6232007413187325e-09,0.0800000003120223,0.025476697773647226,0.21739128200441193,0.08162773318660414,0.027035558031961657,5.513484086041983e-05,0.20930056235116673,0.016069926505346135,0.02380958232291285,0.11124836384110744,0.04894196769742406,0.020866783808378125
2022-05-31 00:00:00+00:00,6.75263649048717e-09,7.211910618888842e-05,0.02564105818705377,0.10026258360214937,0.11569720766127946,0.1371345716593754,0.03501110591912077,0.3280375745182128,0.020623239891301524,0.0659126027226096,0.08263528489706724,0.022743393965097586,0.22522751731603838,3.3649980702700716e-10,0.013846332556323141,1.0396758879778327e-13,0.0002626019505435944,1.0373794566292123e-06,7.473463602643191e-07,0.02657778530201749,0.10624556555805184,0.05677949214436359,0.01571032516906052,0.0021558655631241166,0.04443737121600185,0.002094948589654559,0.07999652151660049,1.087258768878684e-06,2.958016383498994e-05,0.01965622100833507
