public_date,AAPL,ABBV,ABT,ADBE,AIG,AMGN,AMT,AMZN,AVGO,AXP,BA,BAC,BK,BKNG,BLK,BMY,C,CAT,CHTR,CL,CMCSA,COF,COP,COST,CRM,CSCO,CVS,CVX,DD,DHR,DIS,DUK,EMR,EXC,F,FDX,GD,GE,GILD,GM,GOOGL,GS,HD,HON,IBM,INTC,JNJ,JPM,KHC,KO,LLY,LMT,LOW,MA,MCD,MDLZ,MDT,MET,MMM,MO,MRK,MS,MSFT,NEE,NFLX,NKE,NVDA,ORCL,PEP,PFE,PG,PM,PYPL,QCOM,RTX,SBUX,SCHW,SO,T,TGT,TMO,TMUS,TSLA,TXN,UNH,UNP,UPS,USB,V,VZ,WBA,WFC,WMT,XOM
2016-01-31,0.233,0.122,0.352,0.158,1.397,0.298,0.1774615384615385,0.052,0.2033953488372093,0.292,0.077,1.438,0.832,0.08625000000000001,0.669,0.153,1.391,0.418,0.085,0.009,0.607,1.229,0.972,0.153,0.092,0.409,0.398,1.191,0.263,0.396,0.286,1.096,0.294,1.437,0.52,0.383,0.248,0.436,0.123,0.721,0.269,0.987,0.054,0.25,0.095,0.418,0.291,0.979,0.917,0.179,0.164,0.044,0.124,0.063,0.11,0.525,0.3745322580645162,1.558,0.14,0.082,0.372,1.11,0.225,0.71,0.049,0.119,0.314,0.28,0.134,0.492,0.367,0.045810810810810815,0.349,0.387,0.6521176470588236,0.07,0.312,0.828,0.872,0.305,0.489,0.672,0.04,0.204,0.332,0.471,0.023,0.561,0.2,0.317,0.373,0.657,0.433,0.675
2016-02-29,0.257,0.097,0.333,0.158,1.218,0.248,0.1774615384615385,0.045,0.2033953488372093,0.283,0.091,1.339,0.855,0.08625000000000001,0.592,0.125,1.342,0.383,0.398578125,0.03960416666666667,0.623,1.242,0.88,0.153,0.092,0.409,0.396,1.024,0.174,0.371,0.268,1.077,0.253,1.549,0.521,0.383,0.252,0.336,0.129,0.782,0.225,0.949,0.054,0.236,0.109,0.391,0.26,0.916,0.896,0.163,0.164,0.047,0.124,0.056,0.082,0.462,0.3745322580645162,1.444,0.134,0.075,0.349,1.108,0.18,0.677,0.045,0.119,0.314,0.28,0.117,0.459,0.331,0.045810810810810815,0.337,0.405,0.6521176470588236,0.067,0.274,0.8,0.846,0.305,0.423,0.613,0.036,0.18,0.334,0.541,0.03,0.565,0.176,0.329,0.373,0.644,0.433,0.641
2016-03-31,0.257,0.097,0.333,0.158,1.218,0.248,0.1774615384615385,0.045,0.2033953488372093,0.283,0.091,1.339,0.855,0.08625000000000001,0.592,0.125,1.342,0.383,0.398578125,0.03960416666666667,0.623,1.242,0.88,0.153,0.11,0.506,0.396,1.024,0.174,0.371,0.268,1.077,0.253,1.549,0.521,0.383,0.252,0.336,0.129,0.782,0.225,0.949,0.046,0.236,0.109,0.391,0.26,0.916,0.896,0.163,0.164,0.047,0.117,0.056,0.082,0.462,0.3745322580645162,1.444,0.134,0.075,0.349,1.108,0.18,0.677,0.045,0.119,0.302,0.28,0.117,0.459,0.331,0.045810810810810815,0.337,0.405,0.6521176470588236,0.067,0.274,0.8,0.846,0.316,0.423,0.613,0.036,0.18,0.334,0.541,0.03,0.565,0.176,0.329,0.373,0.644,0.4,0.641
2016-04-30,0.257,0.097,0.333,0.172,1.218,0.248,0.1774615384615385,0.045,0.2033953488372093,0.283,0.091,1.339,0.855,0.08625000000000001,0.592,0.125,1.342,0.383,0.398578125,0.03960416666666667,0.623,1.242,0.88,0.167,0.11,0.506,0.396,1.024,0.174,0.371,0.268,1.077,0.253,1.549,0.521,0.446,0.252,0.336,0.129,0.782,0.225,0.949,0.046,0.236,0.109,0.391,0.26,0.916,0.896,0.163,0.164,0.047,0.117,0.056,0.082,0.462,0.3745322580645162,1.444,0.134,0.075,0.349,1.108,0.18,0.677,0.045,0.119,0.302,0.3,0.117,0.459,0.331,0.045810810810810815,0.337,0.405,0.6521176470588236,0.067,0.274,0.8,0.846,0.316,0.423,0.613,0.036,0.18,0.334,0.541,0.03,0.565,0.176,0.329,0.383,0.644,0.4,0.641
2016-05-31,0.257,0.109,0.337,0.172,1.448,0.274,0.1774615384615385,0.053,0.2033953488372093,0.355,0.078,1.71,0.905,0.08625000000000001,0.593,0.135,1.712,0.351,0.398578125,0.03960416666666667,0.583,1.338,0.991,0.167,0.11,0.506,0.359,0.945,0.191,0.375,0.285,0.957,0.233,1.306,0.562,0.446,0.266,0.312,0.108,0.868,0.237,1.102,0.046,0.22,0.103,0.409,0.254,1.035,0.835,0.146,0.189,0.047,0.117,0.053,0.05,0.521,0.3745322580645162,1.855,0.116,0.068,0.342,1.413,0.178,0.602,0.053,0.119,0.302,0.3,0.109,0.498,0.313,0.045810810810810815,0.292,0.395,0.6521176470588236,0.058,0.333,0.725,0.75,0.316,0.424,0.679,0.032,0.17,0.311,0.536,0.027,0.587,0.178,0.291,0.383,0.716,0.4,0.601
2016-06-30,0.257,0.109,0.337,0.172,1.448,0.274,0.1774615384615385,0.053,0.2033953488372093,0.355,0.078,1.71,0.905,0.08625000000000001,0.593,0.135,1.712,0.351,0.398578125,0.03960416666666667,0.583,1.338,0.991,0.167,0.109,0.451,0.359,0.945,0.191,0.375,0.285,0.957,0.233,1.306,0.562,0.446,0.266,0.312,0.108,0.868,0.237,1.102,0.04,0.22,0.103,0.409,0.254,1.035,0.835,0.146,0.189,0.047,0.106,0.053,0.05,0.521,0.3745322580645162,1.855,0.116,0.068,0.342,1.413,0.178,0.602,0.053,0.119,0.239,0.3,0.109,0.498,0.313,0.045810810810810815,0.292,0.395,0.6521176470588236,0.058,0.333,0.725,0.75,0.284,0.424,0.679,0.032,0.17,0.311,0.536,0.027,0.587,0.178,0.291,0.383,0.716,0.36,0.601
2016-07-31,0.257,0.109,0.337,0.151,1.448,0.274,0.1774615384615385,0.053,0.2033953488372093,0.355,0.078,1.71,0.905,0.08625000000000001,0.593,0.135,1.712,0.351,0.398578125,0.03960416666666667,0.583,1.338,0.991,0.176,0.109,0.451,0.359,0.945,0.191,0.375,0.285,0.957,0.233,1.306,0.562,0.349,0.266,0.312,0.108,0.868,0.237,1.102,0.04,0.22,0.103,0.409,0.254,1.035,0.835,0.146,0.189,0.047,0.106,0.053,0.05,0.521,0.3745322580645162,1.855,0.116,0.068,0.342,1.413,0.178,0.602,0.053,0.132,0.239,0.286,0.109,0.498,0.313,0.045810810810810815,0.292,0.395,0.6521176470588236,0.058,0.333,0.725,0.75,0.284,0.424,0.679,0.032,0.17,0.311,0.536,0.027,0.587,0.178,0.291,0.405,0.716,0.36,0.601
2016-08-31,0.293,0.127,0.358,0.151,1.571,0.287,0.1774615384615385,0.049,0.2033953488372093,0.369,0.037,1.784,0.868,0.08625000000000001,0.594,0.121,1.727,0.344,1.075,0.03960416666666667,0.557,1.497,0.874,0.176,0.109,0.451,0.383,0.837,0.186,0.359,0.29,0.904,0.249,1.294,0.635,0.349,0.261,0.301,0.14,0.964,0.266,1.189,0.04,0.221,0.108,0.404,0.227,1.008,0.731,0.159,0.168,0.04,0.106,0.061,0.022,0.458,0.3745322580645162,2.151,0.112,0.065,0.31,1.397,0.184,0.553,0.062,0.132,0.239,0.286,0.114,0.426,0.29,0.045810810810810815,0.314,0.388,0.6521176470588236,0.068,0.382,0.713,0.683,0.284,0.408,0.613,0.08,0.159,0.292,0.495,0.028,0.604,0.183,0.277,0.405,0.748,0.36,0.532
2016-09-30,0.293,0.127,0.358,0.151,1.571,0.287,0.1774615384615385,0.049,0.2033953488372093,0.369,0.037,1.784,0.868,0.08625000000000001,0.594,0.121,1.727,0.344,1.075,0.03960416666666667,0.557,1.497,0.874,0.176,0.109,0.416,0.383,0.837,0.186,0.359,0.29,0.904,0.249,1.294,0.635,0.349,0.261,0.301,0.14,0.964,0.266,1.189,0.041,0.221,0.108,0.404,0.227,1.008,0.731,0.159,0.168,0.04,0.095,0.061,0.022,0.458,0.3745322580645162,2.151,0.112,0.065,0.31,1.397,0.184,0.553,0.062,0.132,0.159,0.286,0.114,0.426,0.29,0.045810810810810815,0.314,0.388,0.6521176470588236,0.068,0.382,0.713,0.683,0.285,0.408,0.613,0.08,0.159,0.292,0.495,0.028,0.604,0.183,0.277,0.405,0.748,0.339,0.532
2016-10-31,0.293,0.127,0.358,0.148,1.571,0.287,0.1774615384615385,0.049,0.2033953488372093,0.369,0.037,1.784,0.868,0.08625000000000001,0.594,0.121,1.727,0.344,1.075,0.03960416666666667,0.557,1.497,0.874,0.175,0.109,0.416,0.383,0.837,0.186,0.359,0.29,0.904,0.249,1.294,0.635,0.363,0.261,0.301,0.14,0.964,0.266,1.189,0.041,0.221,0.108,0.404,0.227,1.008,0.731,0.159,0.168,0.04,0.095,0.061,0.022,0.458,0.3745322580645162,2.151,0.112,0.065,0.31,1.397,0.184,0.553,0.062,0.127,0.159,0.28,0.114,0.426,0.29,0.045810810810810815,0.314,0.388,0.6521176470588236,0.068,0.382,0.713,0.683,0.285,0.408,0.613,0.08,0.159,0.292,0.495,0.028,0.604,0.183,0.277,0.372,0.748,0.339,0.532
2016-11-30,0.256,0.123,0.334,0.148,1.433,0.267,0.1774615384615385,0.045,0.2033953488372093,0.358,0.053,1.545,0.857,0.08625000000000001,0.568,0.173,1.578,0.301,0.911,0.03960416666666667,0.554,1.372,0.839,0.175,0.109,0.416,0.424,0.847,0.17,0.428,0.317,0.982,0.222,1.436,0.668,0.363,0.241,0.312,0.161,0.938,0.243,1.124,0.041,0.224,0.113,0.36,0.236,0.958,0.719,0.166,0.176,0.033,0.095,0.057,0.082,0.476,0.3745322580645162,1.897,0.113,0.069,0.291,1.157,0.16,0.603,0.06,0.127,0.159,0.28,0.117,0.462,0.279,0.045810810810810815,0.287,0.316,0.6521176470588236,0.075,0.318,0.805,0.735,0.285,0.388,0.584,0.088,0.147,0.301,0.448,0.029,0.578,0.165,0.307,0.372,0.809,0.339,0.568
2016-12-31,0.256,0.123,0.334,0.148,1.433,0.267,0.1774615384615385,0.045,0.2033953488372093,0.358,0.053,1.545,0.857,0.08625000000000001,0.568,0.173,1.578,0.301,0.911,0.03960416666666667,0.554,1.372,0.839,0.175,0.13,0.411,0.424,0.847,0.17,0.428,0.317,0.982,0.222,1.436,0.668,0.363,0.241,0.312,0.161,0.938,0.243,1.124,0.039,0.224,0.113,0.36,0.236,0.958,0.719,0.166,0.176,0.033,0.113,0.057,0.082,0.476,0.3745322580645162,1.897,0.113,0.069,0.291,1.157,0.16,0.603,0.06,0.127,0.141,0.28,0.117,0.462,0.279,0.045810810810810815,0.287,0.316,0.6521176470588236,0.075,0.318,0.805,0.735,0.309,0.388,0.584,0.088,0.147,0.301,0.448,0.029,0.578,0.165,0.307,0.372,0.809,0.36,0.568
2017-01-31,0.256,0.123,0.334,0.15,1.433,0.267,0.1774615384615385,0.045,0.2033953488372093,0.358,0.053,1.545,0.857,0.08625000000000001,0.568,0.173,1.578,0.301,0.911,0.03960416666666667,0.554,1.372,0.839,0.182,0.13,0.411,0.424,0.847,0.17,0.428,0.317,0.982,0.222,1.436,0.668,0.327,0.241,0.312,0.161,0.938,0.243,1.124,0.039,0.224,0.113,0.36,0.236,0.958,0.719,0.166,0.176,0.033,0.113,0.057,0.082,0.476,0.3745322580645162,1.897,0.113,0.069,0.291,1.157,0.16,0.603,0.06,0.149,0.141,0.294,0.117,0.462,0.279,0.045810810810810815,0.287,0.316,0.6521176470588236,0.075,0.318,0.805,0.735,0.309,0.388,0.584,0.088,0.147,0.301,0.448,0.029,0.578,0.165,0.307,0.348,0.809,0.36,0.568
2017-02-28,0.262,0.116,0.369,0.15,1.183,0.299,0.1774615384615385,0.055,0.2033953488372093,0.282,0.022,1.088,0.768,0.08625000000000001,0.547,0.166,1.249,0.246,0.863,0.03960416666666667,0.541,1.134,0.708,0.182,0.13,0.411,0.49,0.732,0.16,0.427,0.282,1.025,0.221,1.341,0.619,0.327,0.212,0.274,0.201,0.839,0.254,0.762,0.039,0.225,0.119,0.396,0.235,0.743,0.736,0.151,0.181,0.021,0.113,0.051,0.15923529411764706,0.441,0.3745322580645162,1.263,0.098,0.161,0.279,0.876,0.146,0.634,0.05,0.149,0.141,0.294,0.108,0.458,0.288,0.045810810810810815,0.334,0.324,0.6521176470588236,0.072,0.258,0.843,0.702,0.309,0.434,0.467,0.138,0.145,0.269,0.425,0.005,0.485,0.17,0.315,0.348,0.659,0.36,0.538
2017-03-31,0.262,0.116,0.369,0.15,1.183,0.299,0.1774615384615385,0.055,0.2033953488372093,0.282,0.022,1.088,0.768,0.08625000000000001,0.547,0.166,1.249,0.246,0.863,0.03960416666666667,0.541,1.134,0.708,0.182,0.134,0.415,0.49,0.732,0.16,0.427,0.282,1.025,0.221,1.341,0.619,0.327,0.212,0.274,0.201,0.839,0.254,0.762,0.028,0.225,0.119,0.396,0.235,0.743,0.736,0.151,0.181,0.021,0.102,0.051,0.15923529411764706,0.441,0.3745322580645162,1.263,0.098,0.161,0.279,0.876,0.146,0.634,0.05,0.149,0.092,0.294,0.108,0.458,0.288,0.045810810810810815,0.334,0.324,0.6521176470588236,0.072,0.258,0.843,0.702,0.329,0.434,0.467,0.138,0.145,0.269,0.425,0.005,0.485,0.17,0.315,0.348,0.659,0.404,0.538
2017-04-30,0.262,0.116,0.369,0.134,1.183,0.299,0.1774615384615385,0.055,0.2033953488372093,0.282,0.022,1.088,0.768,0.08625000000000001,0.547,0.166,1.249,0.246,0.863,0.03960416666666667,0.541,1.134,0.708,0.16,0.134,0.415,0.49,0.732,0.16,0.427,0.282,1.025,0.221,1.341,0.619,0.339,0.212,0.274,0.201,0.839,0.254,0.762,0.028,0.225,0.119,0.396,0.235,0.743,0.736,0.151,0.181,0.021,0.102,0.051,0.15923529411764706,0.441,0.3745322580645162,1.263,0.098,0.161,0.279,0.876,0.146,0.634,0.05,0.135,0.092,0.289,0.108,0.458,0.288,0.045810810810810815,0.334,0.324,0.6521176470588236,0.072,0.258,0.843,0.702,0.329,0.434,0.467,0.138,0.145,0.269,0.425,0.005,0.485,0.17,0.315,0.347,0.659,0.404,0.538
2017-05-31,0.217,0.114,0.407,0.134,1.259,0.273,0.1774615384615385,0.051,0.2033953488372093,0.296,0.013,1.032,0.725,0.08625000000000001,0.547,0.161,1.268,0.249,0.757,0.03960416666666667,0.507,1.148,0.696,0.16,0.134,0.415,0.472,0.806,0.166,0.401,0.263,0.978,0.212,1.352,0.677,0.339,0.191,0.288,0.23,0.867,0.248,0.805,0.028,0.218,0.112,0.407,0.219,0.736,0.711,0.148,0.151,0.019,0.102,0.047,0.15923529411764706,0.463,0.3745322580645162,1.357,0.096,0.149,0.257,0.875,0.138,0.619,0.047,0.135,0.092,0.289,0.1,0.437,0.273,0.045810810810810815,0.284,0.37,0.6521176470588236,0.066,0.26,0.842,0.724,0.329,0.404,0.444,0.109,0.133,0.283,0.419,0.007,0.486,0.151,0.359,0.347,0.642,0.404,0.61
2017-06-30,0.217,0.114,0.407,0.134,1.259,0.273,0.1774615384615385,0.051,0.2033953488372093,0.296,0.013,1.032,0.725,0.08625000000000001,0.547,0.161,1.268,0.249,0.757,0.03960416666666667,0.507,1.148,0.696,0.16,0.129,0.384,0.472,0.806,0.166,0.401,0.263,0.978,0.212,1.352,0.677,0.339,0.191,0.288,0.23,0.867,0.248,0.805,0.022,0.218,0.112,0.407,0.219,0.736,0.711,0.148,0.151,0.019,0.076,0.047,0.15923529411764706,0.463,0.3745322580645162,1.357,0.096,0.149,0.257,0.875,0.138,0.619,0.047,0.135,0.101,0.289,0.1,0.437,0.273,0.045810810810810815,0.284,0.37,0.6521176470588236,0.066,0.26,0.842,0.724,0.386,0.404,0.444,0.109,0.133,0.283,0.419,0.007,0.486,0.151,0.359,0.347,0.642,0.324,0.61
2017-07-31,0.217,0.114,0.407,0.116,1.259,0.273,0.1774615384615385,0.051,0.2033953488372093,0.296,0.013,1.032,0.725,0.08625000000000001,0.547,0.161,1.268,0.249,0.757,0.03960416666666667,0.507,1.148,0.696,0.125,0.129,0.384,0.472,0.806,0.166,0.401,0.263,0.978,0.212,1.352,0.677,0.358,0.191,0.288,0.23,0.867,0.248,0.805,0.022,0.218,0.112,0.407,0.219,0.736,0.711,0.148,0.151,0.019,0.076,0.047,0.15923529411764706,0.463,0.3745322580645162,1.357,0.096,0.149,0.257,0.875,0.138,0.619,0.047,0.143,0.101,0.289,0.1,0.437,0.273,0.045810810810810815,0.284,0.37,0.6521176470588236,0.066,0.26,0.842,0.724,0.386,0.404,0.444,0.109,0.133,0.283,0.419,0.007,0.486,0.151,0.359,0.381,0.642,0.324,0.61
2017-08-31,0.218,0.107,0.374,0.116,1.305,0.27,0.1774615384615385,0.05,0.2033953488372093,0.284,0.022,1.026,0.691,0.08625000000000001,0.504,0.161,1.157,0.221,0.728,0.03960416666666667,0.493,1.23,0.685,0.125,0.129,0.384,0.47,0.826,0.179,0.419,0.275,0.966,0.22,1.33,0.742,0.358,0.188,0.317,0.245,0.869,0.231,0.844,0.022,0.205,0.128,0.449,0.216,0.723,0.759,0.138,0.156,0.016,0.076,0.046,0.15923529411764706,0.464,0.3745322580645162,1.366,0.093,0.146,0.252,0.858,0.137,0.578,0.048,0.143,0.101,0.289,0.102,0.447,0.28,0.045810810810810815,0.232,0.384,0.6521176470588236,0.069,0.256,0.819,0.806,0.386,0.363,0.492,0.085,0.141,0.257,0.412,0.014,0.492,0.15,0.399,0.381,0.66,0.324,0.625
2017-09-30,0.218,0.107,0.374,0.116,1.305,0.27,0.1774615384615385,0.05,0.2033953488372093,0.284,0.022,1.026,0.691,0.08625000000000001,0.504,0.161,1.157,0.221,0.728,0.03960416666666667,0.493,1.23,0.685,0.125,0.13,0.424,0.47,0.826,0.4039421487603305,0.419,0.275,0.966,0.22,1.33,0.742,0.358,0.188,0.317,0.245,0.869,0.231,0.844,0.021,0.205,0.128,0.449,0.216,0.723,0.759,0.138,0.156,0.016,0.085,0.046,0.15923529411764706,0.464,0.3745322580645162,1.366,0.093,0.146,0.252,0.858,0.137,0.578,0.048,0.143,0.064,0.289,0.102,0.447,0.28,0.045810810810810815,0.232,0.384,0.6521176470588236,0.069,0.256,0.819,0.806,0.384,0.363,0.492,0.085,0.141,0.257,0.412,0.014,0.492,0.15,0.399,0.381,0.66,0.319,0.625
2017-10-31,0.218,0.107,0.374,0.11,1.305,0.27,0.1774615384615385,0.05,0.2033953488372093,0.284,0.022,1.026,0.691,0.08625000000000001,0.504,0.161,1.157,0.221,0.728,0.03960416666666667,0.493,1.23,0.685,0.162,0.13,0.424,0.47,0.826,0.4039421487603305,0.419,0.275,0.966,0.22,1.33,0.742,0.337,0.188,0.317,0.245,0.869,0.231,0.844,0.021,0.205,0.128,0.449,0.216,0.723,0.759,0.138,0.156,0.016,0.085,0.046,0.15923529411764706,0.464,0.3745322580645162,1.366,0.093,0.146,0.252,0.858,0.137,0.578,0.048,0.139,0.064,0.267,0.102,0.447,0.28,0.045810810810810815,0.232,0.384,0.6521176470588236,0.069,0.256,0.819,0.806,0.384,0.363,0.492,0.085,0.141,0.257,0.412,0.014,0.492,0.15,0.399,0.356,0.66,0.319,0.625
2017-11-30,0.21,0.09,0.345,0.11,1.313,0.254,0.1774615384615385,0.053,0.2033953488372093,0.268,0.026,0.944,0.681,0.08625000000000001,0.485,0.142,1.083,0.211,0.662,0.03960416666666667,0.506,1.223,0.614,0.162,0.13,0.424,0.477,0.736,0.4039421487603305,0.425,0.306,0.974,0.227,1.308,0.716,0.337,0.192,0.363,0.235,0.747,0.232,0.804,0.021,0.198,0.146,0.415,0.225,0.701,0.843,0.138,0.158,0.024,0.085,0.044,0.15923529411764706,0.505,0.3745322580645162,1.192,0.097,0.168,0.243,0.807,0.165,0.565,0.042,0.139,0.064,0.267,0.111,0.428,0.275,0.045810810810810815,0.201,0.405,0.6521176470588236,0.071,0.26,0.824,0.787,0.384,0.367,0.503,0.082,0.125,0.253,0.389,0.015,0.485,0.139,0.372,0.356,0.671,0.319,0.624
2017-12-31,0.21,0.09,0.345,0.11,1.313,0.254,0.1774615384615385,0.053,0.2033953488372093,0.268,0.026,0.944,0.681,0.08625000000000001,0.485,0.142,1.083,0.211,0.662,0.03960416666666667,0.506,1.223,0.614,0.162,0.119,0.388,0.477,0.736,0.4039421487603305,0.425,0.306,0.974,0.227,1.308,0.716,0.337,0.192,0.363,0.235,0.747,0.232,0.804,0.014,0.198,0.146,0.415,0.225,0.701,0.843,0.138,0.158,0.024,0.086,0.044,0.15923529411764706,0.505,0.3745322580645162,1.192,0.097,0.168,0.243,0.807,0.165,0.565,0.042,0.139,0.053,0.267,0.111,0.428,0.275,0.045810810810810815,0.201,0.405,0.6521176470588236,0.071,0.26,0.824,0.787,0.376,0.367,0.503,0.082,0.125,0.253,0.389,0.015,0.485,0.139,0.372,0.356,0.671,0.294,0.624
2018-01-31,0.21,0.09,0.345,0.098,1.313,0.254,0.1774615384615385,0.053,0.2033953488372093,0.268,0.026,0.944,0.681,0.08625000000000001,0.485,0.142,1.083,0.211,0.662,0.03960416666666667,0.506,1.223,0.614,0.137,0.119,0.388,0.477,0.736,0.4039421487603305,0.425,0.306,0.974,0.227,1.308,0.716,0.325,0.192,0.363,0.235,0.747,0.232,0.804,0.014,0.198,0.146,0.415,0.225,0.701,0.843,0.138,0.158,0.024,0.086,0.044,0.15923529411764706,0.505,0.3745322580645162,1.192,0.097,0.168,0.243,0.807,0.165,0.565,0.042,0.12,0.053,0.275,0.111,0.428,0.275,0.045810810810810815,0.201,0.405,0.6521176470588236,0.071,0.26,0.824,0.787,0.376,0.367,0.503,0.082,0.125,0.253,0.389,0.015,0.485,0.139,0.372,0.392,0.671,0.294,0.624
2018-02-28,0.164,0.049,0.331,0.098,1.221,0.21,0.1774615384615385,0.051,0.2033953488372093,0.195,0.013,0.806,0.746,0.08625000000000001,0.427,0.118,0.949,0.148,0.704,0.03960416666666667,0.499,1.008,0.555,0.137,0.119,0.388,0.553,0.683,0.4039421487603305,0.408,0.286,0.831,0.194,1.082,0.719,0.325,0.193,0.424,0.218,0.61,0.209,0.71,0.014,0.175,0.128,0.333,0.183,0.638,0.845,0.1,0.131,0.06078985507246376,0.086,0.035,0.15923529411764706,0.463,0.3745322580645162,1.201,0.084,0.152,0.241,0.733,0.124,0.462,0.043,0.12,0.053,0.275,0.083,0.347,0.261,0.045810810810810815,0.181,0.252,0.6521176470588236,0.071,0.227,0.687,0.771,0.376,0.37,0.478,0.081,0.101,0.234,0.342,0.017,0.492,0.128,0.344,0.392,0.639,0.294,0.605
2018-03-31,0.164,0.049,0.331,0.098,1.221,0.21,0.1774615384615385,0.051,0.2033953488372093,0.195,0.013,0.806,0.746,0.08625000000000001,0.427,0.118,0.949,0.148,0.704,0.03960416666666667,0.499,1.008,0.555,0.137,0.113,0.257,0.553,0.683,0.4039421487603305,0.408,0.286,0.831,0.194,1.082,0.719,0.325,0.193,0.424,0.218,0.61,0.209,0.71,0.008,0.175,0.128,0.333,0.183,0.638,0.845,0.1,0.131,0.06078985507246376,0.068,0.035,0.15923529411764706,0.463,0.3745322580645162,1.201,0.084,0.152,0.241,0.733,0.124,0.462,0.043,0.12,0.05,0.275,0.083,0.347,0.261,0.045810810810810815,0.181,0.252,0.6521176470588236,0.071,0.227,0.687,0.771,0.305,0.37,0.478,0.081,0.101,0.234,0.342,0.017,0.492,0.128,0.344,0.392,0.639,0.26,0.605
2018-04-30,0.164,0.049,0.331,0.084,1.221,0.21,0.1774615384615385,0.051,0.2033953488372093,0.195,0.013,0.806,0.746,0.08625000000000001,0.427,0.118,0.949,0.148,0.704,0.03960416666666667,0.499,1.008,0.555,0.14,0.113,0.257,0.553,0.683,0.4039421487603305,0.408,0.286,0.831,0.194,1.082,0.719,0.323,0.193,0.424,0.218,0.61,0.209,0.71,0.008,0.175,0.128,0.333,0.183,0.638,0.845,0.1,0.131,0.06078985507246376,0.068,0.035,0.15923529411764706,0.463,0.3745322580645162,1.201,0.084,0.152,0.241,0.733,0.124,0.462,0.043,0.09,0.05,0.23,0.083,0.347,0.261,0.045810810810810815,0.181,0.252,0.6521176470588236,0.071,0.227,0.687,0.771,0.305,0.37,0.478,0.081,0.101,0.234,0.342,0.017,0.492,0.128,0.344,0.429,0.639,0.26,0.605
2018-05-31,0.154,0.039,0.299,0.084,1.285,0.148,0.1774615384615385,0.045,0.2033953488372093,0.244,0.017,0.792,0.733,0.111,0.406,0.124,1.062,0.173,0.759,0.03960416666666667,0.597,1.057,0.518,0.14,0.113,0.257,0.66,0.759,0.4039421487603305,0.398,0.319,0.906,0.203,1.104,0.838,0.323,0.183,0.478,0.21,0.674,0.224,0.741,0.008,0.189,0.129,0.296,0.207,0.615,1.058,0.119,0.173,0.06078985507246376,0.068,0.031,0.15923529411764706,0.483,0.3745322580645162,1.332,0.084,0.175,0.245,0.726,0.116,0.516,0.031,0.09,0.05,0.23,0.091,0.367,0.304,0.045810810810810815,0.163,0.29,0.6521176470588236,0.063,0.235,0.752,0.874,0.305,0.346,0.513,0.099,0.105,0.242,0.341,0.024,0.526,0.126,0.431,0.429,0.71,0.26,0.68
2018-06-30,0.154,0.039,0.299,0.084,1.285,0.148,0.1774615384615385,0.045,0.323,0.244,0.017,0.792,0.733,0.111,0.406,0.124,1.062,0.173,0.759,0.03960416666666667,0.597,1.057,0.518,0.14,0.125,0.223,0.66,0.759,0.4039421487603305,0.398,0.319,0.906,0.203,1.104,0.838,0.323,0.183,0.478,0.21,0.674,0.224,0.741,0.008,0.189,0.129,0.296,0.207,0.615,1.058,0.119,0.173,0.06078985507246376,0.085,0.031,0.15923529411764706,0.483,0.3745322580645162,1.332,0.084,0.175,0.245,0.726,0.116,0.516,0.031,0.09,0.057,0.23,0.091,0.367,0.304,0.045810810810810815,0.163,0.29,0.6521176470588236,0.063,0.235,0.752,0.874,0.308,0.346,0.513,0.099,0.105,0.242,0.341,0.024,0.526,0.126,0.431,0.429,0.71,0.289,0.68
2018-07-31,0.154,0.039,0.299,0.071,1.285,0.148,0.1774615384615385,0.045,0.323,0.244,0.017,0.792,0.733,0.111,0.406,0.124,1.062,0.173,0.759,0.03960416666666667,0.597,1.057,0.518,0.14,0.125,0.223,0.66,0.759,0.4039421487603305,0.398,0.319,0.906,0.203,1.104,0.838,0.336,0.183,0.478,0.21,0.674,0.224,0.741,0.008,0.189,0.129,0.296,0.207,0.615,1.058,0.119,0.173,0.06078985507246376,0.085,0.031,0.15923529411764706,0.483,0.3745322580645162,1.332,0.084,0.175,0.245,0.726,0.116,0.516,0.031,0.085,0.057,0.245,0.091,0.367,0.304,0.045810810810810815,0.163,0.29,0.6521176470588236,0.063,0.235,0.752,0.874,0.308,0.346,0.513,0.099,0.105,0.242,0.341,0.024,0.526,0.126,0.431,0.48,0.71,0.289,0.68
2018-08-31,0.129,0.049,0.286,0.071,1.295,0.134,0.1774615384615385,0.042,0.323,0.248,0.013,0.854,0.704,0.113,0.444,0.136,1.075,0.185,0.806,0.03960416666666667,0.637,1.136,0.452,0.14,0.125,0.223,0.591,0.691,0.4039421487603305,0.394,0.314,0.888,0.2,1.021,0.839,0.336,0.228,0.466,0.236,0.656,0.207,0.881,0.008,0.19,0.145,0.313,0.217,0.661,1.043,0.112,0.126,0.005,0.085,0.026,0.15923529411764706,0.476,0.3745322580645162,1.353,0.09,0.198,0.214,0.851,0.11,0.51,0.026,0.085,0.057,0.245,0.087,0.355,0.295,0.045810810810810815,0.152,0.28,0.6521176470588236,0.065,0.251,0.68,1.041,0.308,0.348,0.543,0.067,0.099,0.213,0.296,0.036,0.54,0.111,0.419,0.48,0.675,0.289,0.611
2018-09-30,0.129,0.049,0.286,0.071,1.295,0.134,0.1774615384615385,0.042,0.302,0.248,0.013,0.854,0.704,0.113,0.444,0.136,1.075,0.185,0.806,0.03960416666666667,0.637,1.136,0.452,0.14,0.13,0.222,0.591,0.691,0.4039421487603305,0.394,0.314,0.888,0.2,1.021,0.839,0.336,0.228,0.466,0.236,0.656,0.207,0.881,0.009,0.19,0.145,0.313,0.217,0.661,1.043,0.112,0.126,0.005,0.072,0.026,0.15923529411764706,0.476,0.3745322580645162,1.353,0.09,0.198,0.214,0.851,0.11,0.51,0.026,0.085,0.059,0.245,0.087,0.355,0.295,0.045810810810810815,0.152,0.28,0.6521176470588236,0.065,0.251,0.68,1.041,0.283,0.348,0.543,0.067,0.099,0.213,0.296,0.036,0.54,0.111,0.419,0.48,0.675,0.272,0.611
2018-10-31,0.129,0.049,0.286,0.069,1.295,0.134,0.1774615384615385,0.042,0.302,0.248,0.013,0.854,0.704,0.113,0.444,0.136,1.075,0.185,0.806,0.03960416666666667,0.637,1.136,0.452,0.128,0.13,0.222,0.591,0.691,0.4039421487603305,0.394,0.314,0.888,0.2,1.021,0.839,0.344,0.228,0.466,0.236,0.656,0.207,0.881,0.009,0.19,0.145,0.313,0.217,0.661,1.043,0.112,0.126,0.005,0.072,0.026,0.15923529411764706,0.476,0.3745322580645162,1.353,0.09,0.198,0.214,0.851,0.11,0.51,0.026,0.069,0.059,0.206,0.087,0.355,0.295,0.045810810810810815,0.152,0.28,0.6521176470588236,0.065,0.251,0.68,1.041,0.283,0.348,0.543,0.067,0.099,0.213,0.296,0.036,0.54,0.111,0.419,0.426,0.675,0.272,0.611
2018-11-30,0.1,0.049,0.238,0.069,1.244,0.115,0.1774615384615385,0.04,0.302,0.236,0.013,0.826,0.754,0.113,0.478,0.135,1.016,0.176,0.731,0.03960416666666667,0.6,1.126,0.421,0.128,0.13,0.222,0.495,0.724,0.4039421487603305,0.363,0.298,0.899,0.196,1.012,1.011,0.344,0.219,0.32,0.229,0.807,0.204,0.88,0.009,0.164,0.144,0.338,0.195,0.616,1.185,0.106,0.115,0.01,0.072,0.025,0.15923529411764706,0.464,0.3745322580645162,1.227,0.084,0.185,0.183,0.873,0.1,0.52,0.031,0.069,0.059,0.206,0.086,0.302,0.283,0.045810810810810815,0.146,0.014,0.6521176470588236,0.019,0.272,0.741,1.001,0.283,0.3,0.482,0.099,0.102,0.205,0.266,0.042,0.518,0.1,0.409,0.426,0.715,0.272,0.604
2018-12-31,0.1,0.049,0.238,0.069,1.244,0.115,0.1774615384615385,0.04,0.294,0.236,0.013,0.826,0.754,0.113,0.478,0.135,1.016,0.176,0.731,0.03960416666666667,0.6,1.126,0.421,0.128,0.14,0.212,0.495,0.724,0.4039421487603305,0.363,0.298,0.899,0.196,1.012,1.011,0.344,0.219,0.32,0.229,0.807,0.204,0.88,0.007,0.164,0.144,0.338,0.195,0.616,1.185,0.106,0.115,0.01,0.07,0.025,0.15923529411764706,0.464,0.3745322580645162,1.227,0.084,0.185,0.183,0.873,0.1,0.52,0.031,0.069,0.074,0.206,0.086,0.302,0.283,0.045810810810810815,0.146,0.014,0.6521176470588236,0.019,0.272,0.741,1.001,0.276,0.3,0.482,0.099,0.102,0.205,0.266,0.042,0.518,0.1,0.409,0.426,0.715,0.247,0.604
2019-01-31,0.1,0.049,0.238,0.077,1.244,0.115,0.1774615384615385,0.04,0.294,0.236,0.013,0.826,0.754,0.113,0.478,0.135,1.016,0.176,0.731,0.03960416666666667,0.6,1.126,0.421,0.129,0.14,0.212,0.495,0.724,0.4039421487603305,0.363,0.298,0.899,0.196,1.012,1.011,0.377,0.219,0.32,0.229,0.807,0.204,0.88,0.007,0.164,0.144,0.338,0.195,0.616,1.185,0.106,0.115,0.01,0.07,0.025,0.15923529411764706,0.464,0.3745322580645162,1.227,0.084,0.185,0.183,0.873,0.1,0.52,0.031,0.074,0.074,0.173,0.086,0.302,0.283,0.045810810810810815,0.146,0.014,0.6521176470588236,0.019,0.272,0.741,1.001,0.276,0.3,0.482,0.099,0.102,0.205,0.266,0.042,0.518,0.1,0.409,0.343,0.715,0.247,0.604
2019-02-28,0.158,0.07918604651162792,0.257,0.077,1.655,0.109,0.1774615384615385,0.061,0.294,0.256,0.011,1.02,0.876,0.116,0.577,0.166,1.442,0.196,0.836,0.03960416666666667,0.644,1.461,0.521,0.129,0.14,0.212,0.777,0.824,0.4039421487603305,0.39,0.327,0.832,0.237,0.964,1.2,0.377,0.271,0.47,0.267,0.83,0.246,1.241,0.007,0.206,0.202,0.36,0.196,0.738,1.216,0.094,0.084,0.019,0.07,0.028,0.15923529411764706,0.503,0.3745322580645162,1.391,0.092,0.216,0.143,1.063,0.121,0.5,0.045,0.074,0.074,0.173,0.116,0.269,0.266,0.045810810810810815,0.157,0.053,0.6521176470588236,0.019,0.322,0.741,1.164,0.276,0.332,0.54,0.086,0.101,0.227,0.317,0.055,0.613,0.115,0.374,0.343,0.862,0.247,0.758
2019-03-31,0.158,0.07918604651162792,0.257,0.077,1.655,0.109,0.1774615384615385,0.061,0.238,0.256,0.011,1.02,0.876,0.116,0.577,0.166,1.442,0.196,0.836,0.03960416666666667,0.644,1.461,0.521,0.129,0.133,0.195,0.777,0.824,0.4039421487603305,0.39,0.327,0.832,0.237,0.964,1.2,0.377,0.271,0.47,0.267,0.83,0.246,1.241,0.13851219512195123,0.206,0.202,0.36,0.196,0.738,1.216,0.094,0.084,0.019,0.047,0.028,0.15923529411764706,0.503,0.3745322580645162,1.391,0.092,0.216,0.143,1.063,0.121,0.5,0.045,0.074,0.107,0.173,0.116,0.269,0.266,0.045810810810810815,0.157,0.053,0.6521176470588236,0.019,0.322,0.741,1.164,0.325,0.332,0.54,0.086,0.101,0.227,0.317,0.055,0.613,0.115,0.374,0.343,0.862,0.286,0.758
2019-04-30,0.158,0.07918604651162792,0.257,0.078,1.655,0.109,0.1774615384615385,0.061,0.238,0.256,0.011,1.02,0.876,0.116,0.577,0.166,1.442,0.196,0.836,0.03960416666666667,0.644,1.461,0.521,0.144,0.133,0.195,0.777,0.824,0.4039421487603305,0.39,0.327,0.832,0.237,0.964,1.2,0.49,0.271,0.47,0.267,0.83,0.246,1.241,0.13851219512195123,0.206,0.202,0.36,0.196,0.738,1.216,0.094,0.084,0.019,0.047,0.028,0.15923529411764706,0.503,0.3745322580645162,1.391,0.092,0.216,0.143,1.063,0.121,0.5,0.045,0.066,0.107,0.132,0.116,0.269,0.266,0.045810810810810815,0.157,0.053,0.6521176470588236,0.019,0.322,0.741,1.164,0.325,0.332,0.54,0.086,0.101,0.227,0.317,0.055,0.613,0.115,0.374,0.411,0.862,0.286,0.758
2019-05-31,0.121,0.07918604651162792,0.219,0.078,1.61,0.1,0.1774615384615385,0.055,0.238,0.243,0.008,0.927,0.78,0.096,0.527,0.195,1.239,0.199,0.687,0.03960416666666667,0.566,1.394,0.502,0.144,0.133,0.195,0.96,0.729,0.4039421487603305,0.317,0.507,0.804,0.214,0.883,1.058,0.49,0.261,0.404,0.265,0.785,0.226,1.089,0.13851219512195123,0.178,0.132,0.313,0.179,0.709,1.603,0.102,0.041,0.029,0.047,0.022,0.15923529411764706,0.408,0.3745322580645162,1.621,0.081,0.181,0.137,1.015,0.107,0.457,0.037,0.066,0.107,0.132,0.104,0.264,0.238,0.045810810810810815,0.125,0.056,0.6521176470588236,0.019,0.33,0.683,1.068,0.325,0.273,0.527,0.095,0.086,0.231,0.246,0.054,0.598,0.099,0.369,0.411,0.808,0.286,0.639
2019-06-30,0.121,0.07918604651162792,0.219,0.078,1.61,0.1,0.1774615384615385,0.055,0.189,0.243,0.008,0.927,0.78,0.096,0.527,0.195,1.239,0.199,0.687,0.03960416666666667,0.566,1.394,0.502,0.144,0.128,0.153,0.96,0.729,0.4039421487603305,0.317,0.507,0.804,0.214,0.883,1.058,0.49,0.261,0.404,0.265,0.785,0.226,1.089,0.13851219512195123,0.178,0.132,0.313,0.179,0.709,1.603,0.102,0.041,0.029,0.036,0.022,0.15923529411764706,0.408,0.3745322580645162,1.621,0.081,0.181,0.137,1.015,0.107,0.457,0.037,0.066,0.088,0.132,0.104,0.264,0.238,0.045810810810810815,0.125,0.056,0.6521176470588236,0.019,0.33,0.683,1.068,0.306,0.273,0.527,0.095,0.086,0.231,0.246,0.054,0.598,0.099,0.369,0.411,0.808,0.232,0.639
2019-07-31,0.121,0.07918604651162792,0.219,0.076,1.61,0.1,0.1774615384615385,0.055,0.189,0.243,0.008,0.927,0.78,0.096,0.527,0.195,1.239,0.199,0.687,0.03960416666666667,0.566,1.394,0.502,0.137,0.128,0.153,0.96,0.729,0.4039421487603305,0.317,0.507,0.804,0.214,0.883,1.058,0.512,0.261,0.404,0.265,0.785,0.226,1.089,0.13851219512195123,0.178,0.132,0.313,0.179,0.709,1.603,0.102,0.041,0.029,0.036,0.022,0.15923529411764706,0.408,0.3745322580645162,1.621,0.081,0.181,0.137,1.015,0.107,0.457,0.037,0.075,0.088,0.13,0.104,0.264,0.238,0.045810810810810815,0.125,0.056,0.6521176470588236,0.019,0.33,0.683,1.068,0.306,0.273,0.527,0.095,0.086,0.231,0.246,0.054,0.598,0.099,0.369,0.583,0.808,0.232,0.639
2019-08-31,0.108,0.07918604651162792,0.213,0.076,1.382,0.104,0.1774615384615385,0.057,0.189,0.225,0.011,0.911,0.913,0.072,0.49,0.216,1.134,0.194,0.603,0.03960416666666667,0.546,1.307,0.558,0.137,0.128,0.153,0.97,0.732,0.814,0.299,0.401,0.83,0.224,0.931,0.896,0.512,0.256,0.391,0.264,0.794,0.258,1.046,0.13851219512195123,0.156,0.144,0.362,0.186,0.661,1.681,0.096,0.051,0.028,0.036,0.019,0.15923529411764706,0.382,0.3745322580645162,1.561,0.101,0.224,0.138,1.007,0.1,0.438,0.038,0.075,0.088,0.13,0.096,0.26,0.194,0.045810810810810815,0.12,0.059,0.6521176470588236,0.019,0.352,0.639,0.993,0.306,0.261,0.506,0.143,0.08,0.242,0.25,0.072,0.565,0.091,0.384,0.583,0.848,0.232,0.673
2019-09-30,0.108,0.07918604651162792,0.213,0.076,1.382,0.104,0.1774615384615385,0.057,0.201,0.225,0.011,0.911,0.913,0.072,0.49,0.216,1.134,0.194,0.603,0.03960416666666667,0.546,1.307,0.558,0.137,0.142,0.143,0.97,0.732,0.814,0.299,0.401,0.83,0.224,0.931,0.896,0.512,0.256,0.391,0.264,0.794,0.258,1.046,0.13851219512195123,0.156,0.144,0.362,0.186,0.661,1.681,0.096,0.051,0.028,0.034,0.019,0.15923529411764706,0.382,0.3745322580645162,1.561,0.101,0.224,0.138,1.007,0.1,0.438,0.038,0.075,0.101,0.13,0.096,0.26,0.194,0.045810810810810815,0.12,0.059,0.6521176470588236,0.019,0.352,0.639,0.993,0.292,0.261,0.506,0.143,0.08,0.242,0.25,0.072,0.565,0.091,0.384,0.583,0.848,0.224,0.673
2019-10-31,0.108,0.07918604651162792,0.213,0.075,1.382,0.104,0.1774615384615385,0.057,0.201,0.225,0.011,0.911,0.913,0.072,0.49,0.216,1.134,0.194,0.603,0.03960416666666667,0.546,1.307,0.558,0.122,0.142,0.143,0.97,0.732,0.814,0.299,0.401,0.83,0.224,0.931,0.896,0.51,0.256,0.391,0.264,0.794,0.258,1.046,0.13851219512195123,0.156,0.144,0.362,0.186,0.661,1.681,0.096,0.051,0.028,0.034,0.019,0.15923529411764706,0.382,0.3745322580645162,1.561,0.101,0.224,0.138,1.007,0.1,0.438,0.038,0.07,0.101,0.107,0.096,0.26,0.194,0.045810810810810815,0.12,0.059,0.6521176470588236,0.019,0.352,0.639,0.993,0.292,0.261,0.506,0.143,0.08,0.242,0.25,0.072,0.565,0.091,0.384,0.552,0.848,0.224,0.673
2019-11-30,0.097,0.07918604651162792,0.215,0.075,1.344,0.1,0.1774615384615385,0.066,0.201,0.237,0.011,0.924,0.901,0.083,0.523,0.214,1.173,0.214,0.571,0.03960416666666667,0.518,1.374,0.637,0.122,0.142,0.143,0.852,0.771,0.846,0.298,0.412,0.77,0.21,0.94,0.986,0.51,0.266,0.358,0.257,0.849,0.233,1.056,0.13851219512195123,0.161,0.139,0.339,0.19,0.639,1.867,0.091,0.057,0.036,0.034,0.018,0.15923529411764706,0.377,0.3745322580645162,1.811,0.113,0.207,0.134,1.066,0.1,0.393,0.059,0.07,0.101,0.107,0.093,0.361,0.171,0.045810810810810815,0.136,0.057,0.6521176470588236,0.10025423728813561,0.344,0.58,0.871,0.292,0.268,0.491,0.139,0.075,0.281,0.264,0.072,0.547,0.092,0.375,0.552,0.803,0.224,0.724
2019-12-31,0.097,0.07918604651162792,0.215,0.075,1.344,0.1,0.1774615384615385,0.066,0.195,0.237,0.011,0.924,0.901,0.083,0.523,0.214,1.173,0.214,0.571,0.03960416666666667,0.518,1.374,0.637,0.122,0.24,0.171,0.852,0.771,0.846,0.298,0.412,0.77,0.21,0.94,0.986,0.51,0.266,0.358,0.257,0.849,0.233,1.056,0.13851219512195123,0.161,0.139,0.339,0.19,0.639,1.867,0.091,0.057,0.036,0.029,0.018,0.15923529411764706,0.377,0.3745322580645162,1.811,0.113,0.207,0.134,1.066,0.1,0.393,0.059,0.07,0.091,0.107,0.093,0.361,0.171,0.045810810810810815,0.136,0.057,0.6521176470588236,0.10025423728813561,0.344,0.58,0.871,0.236,0.268,0.491,0.139,0.075,0.281,0.264,0.072,0.547,0.092,0.375,0.552,0.803,0.215,0.724
2020-01-31,0.097,0.07918604651162792,0.215,0.071,1.344,0.1,0.1774615384615385,0.066,0.195,0.237,0.011,0.924,0.901,0.083,0.523,0.214,1.173,0.214,0.571,0.03960416666666667,0.518,1.374,0.637,0.12,0.24,0.171,0.852,0.771,0.846,0.298,0.412,0.77,0.21,0.94,0.986,0.52,0.266,0.358,0.257,0.849,0.233,1.056,0.13851219512195123,0.161,0.139,0.339,0.19,0.639,1.867,0.091,0.057,0.036,0.029,0.018,0.15923529411764706,0.377,0.3745322580645162,1.811,0.113,0.207,0.134,1.066,0.1,0.393,0.059,0.064,0.091,0.086,0.093,0.361,0.171,0.045810810810810815,0.136,0.057,0.6521176470588236,0.10025423728813561,0.344,0.58,0.871,0.236,0.268,0.491,0.139,0.075,0.281,0.264,0.072,0.547,0.092,0.375,0.478,0.803,0.215,0.724
2020-02-29,0.07,0.07918604651162792,0.213,0.071,1.464,0.072,0.1774615384615385,0.067,0.195,0.213,0.07012499999999999,0.776,0.893,0.08,0.478,0.402,1.038,0.185,0.483,0.011,0.542,1.235,0.562,0.12,0.24,0.171,0.736,0.696,0.939,0.268,0.376,0.813,0.188,1.005,0.913,0.52,0.275,0.29,0.274,0.816,0.22,0.95,0.13851219512195123,0.16,0.219,0.31,0.17,0.562,1.619,0.09,0.04,0.029,0.029,0.02,0.15923529411764706,0.387,0.3745322580645162,1.54,0.102,0.122,0.119,0.896,0.092,0.383,0.053,0.064,0.091,0.086,0.099,0.317,0.169,0.045810810810810815,0.134,0.045,0.6521176470588236,0.10025423728813561,0.311,0.562,0.86,0.236,0.246,0.512,0.087,0.075,0.217,0.241,0.049,0.504,0.086,0.378,0.478,0.777,0.215,0.735
2020-03-31,0.07,0.07918604651162792,0.213,0.071,1.464,0.072,0.1774615384615385,0.067,0.211,0.213,0.07012499999999999,0.776,0.893,0.08,0.478,0.402,1.038,0.185,0.483,0.011,0.542,1.235,0.562,0.12,0.208,0.182,0.736,0.696,0.939,0.268,0.376,0.813,0.188,1.005,0.913,0.52,0.275,0.29,0.274,0.816,0.22,0.95,0.13851219512195123,0.16,0.219,0.31,0.17,0.562,1.619,0.09,0.04,0.029,0.022,0.02,0.15923529411764706,0.387,0.3745322580645162,1.54,0.102,0.122,0.119,0.896,0.092,0.383,0.053,0.064,0.085,0.086,0.099,0.317,0.169,0.045810810810810815,0.134,0.045,0.6521176470588236,0.10025423728813561,0.311,0.562,0.86,0.232,0.246,0.512,0.087,0.075,0.217,0.241,0.049,0.504,0.086,0.378,0.478,0.777,0.249,0.735
2020-04-30,0.07,0.07918604651162792,0.213,0.063,1.464,0.072,0.1774615384615385,0.067,0.211,0.213,0.07012499999999999,0.776,0.893,0.08,0.478,0.402,1.038,0.185,0.483,0.011,0.542,1.235,0.562,0.134,0.208,0.182,0.736,0.696,0.939,0.268,0.376,0.813,0.188,1.005,0.913,0.595,0.275,0.29,0.274,0.816,0.22,0.95,0.13851219512195123,0.16,0.219,0.31,0.17,0.562,1.619,0.09,0.04,0.029,0.022,0.02,0.15923529411764706,0.387,0.3745322580645162,1.54,0.102,0.122,0.119,0.896,0.092,0.383,0.053,0.065,0.085,0.091,0.099,0.317,0.169,0.045810810810810815,0.134,0.045,0.6521176470588236,0.10025423728813561,0.311,0.562,0.86,0.232,0.246,0.512,0.087,0.075,0.217,0.241,0.049,0.504,0.086,0.378,0.629,0.777,0.249,0.735
2020-05-31,0.071,0.07918604651162792,0.216,0.063,2.858,0.083,0.1774615384615385,0.067,0.211,0.305,0.07012499999999999,1.311,1.261,0.084,0.537,0.448,1.988,0.226,0.525,0.011,0.697,2.476,1.073,0.134,0.208,0.182,0.933,1.163,1.713,0.305,0.564,0.924,0.276,1.247,1.566,0.595,0.359,0.508,0.235,1.379,0.259,1.476,0.13851219512195123,0.206,0.203,0.342,0.194,0.843,2.079,0.105,0.042,0.036,0.022,0.023,0.15923529411764706,0.405,0.3745322580645162,2.892,0.129,0.163,0.145,1.444,0.096,0.378,0.051,0.065,0.085,0.091,0.105,0.388,0.191,0.045810810810810815,0.142,0.04,0.6521176470588236,0.10025423728813561,0.542,0.672,1.138,0.232,0.274,0.479,0.095,0.085,0.254,0.293,0.063,0.878,0.099,0.422,0.629,1.382,0.249,1.289
2020-06-30,0.071,0.07918604651162792,0.216,0.063,2.858,0.083,0.1774615384615385,0.067,0.219,0.305,0.07012499999999999,1.311,1.261,0.084,0.537,0.448,1.988,0.226,0.525,0.011,0.697,2.476,1.073,0.134,0.237,0.2,0.933,1.163,1.713,0.305,0.564,0.924,0.276,1.247,1.566,0.595,0.359,0.508,0.235,1.379,0.259,1.476,0.13851219512195123,0.206,0.203,0.342,0.194,0.843,2.079,0.105,0.042,0.036,0.022,0.023,0.15923529411764706,0.405,0.3745322580645162,2.892,0.129,0.163,0.145,1.444,0.096,0.378,0.051,0.065,0.073,0.091,0.105,0.388,0.191,0.045810810810810815,0.142,0.04,0.6521176470588236,0.10025423728813561,0.542,0.672,1.138,0.224,0.274,0.479,0.095,0.085,0.254,0.293,0.063,0.878,0.099,0.422,0.629,1.382,0.198,1.289
2020-07-31,0.071,0.07918604651162792,0.216,0.059,2.858,0.083,0.1774615384615385,0.067,0.219,0.305,0.07012499999999999,1.311,1.261,0.084,0.537,0.448,1.988,0.226,0.525,0.011,0.697,2.476,1.073,0.123,0.237,0.2,0.933,1.163,1.713,0.305,0.564,0.924,0.276,1.247,1.566,0.628,0.359,0.508,0.235,1.379,0.259,1.476,0.13851219512195123,0.206,0.203,0.342,0.194,0.843,2.079,0.105,0.042,0.036,0.022,0.023,0.15923529411764706,0.405,0.3745322580645162,2.892,0.129,0.163,0.145,1.444,0.096,0.378,0.051,0.052,0.073,0.073,0.105,0.388,0.191,0.045810810810810815,0.142,0.04,0.6521176470588236,0.10025423728813561,0.542,0.672,1.138,0.224,0.274,0.479,0.095,0.085,0.254,0.293,0.063,0.878,0.099,0.422,0.596,1.382,0.198,1.289
2020-08-31,0.046,0.113,0.189,0.059,2.299,0.079,0.1774615384615385,0.053,0.219,0.275,0.07012499999999999,1.177,1.144,0.076,0.439,0.417,1.632,0.2,0.451,0.011,0.627,1.962,0.785,0.123,0.237,0.2,0.885,0.872,1.031,0.263,0.461,0.906,0.221,1.284,1.293,0.628,0.334,0.563,0.187,1.11,0.216,1.121,0.13851219512195123,0.193,0.191,0.333,0.185,0.818,1.549,0.101,0.041,0.037,0.022,0.022,0.15923529411764706,0.403,0.3745322580645162,2.626,0.121,0.144,0.152,1.026,0.077,0.384,0.047,0.052,0.073,0.073,0.091,0.384,0.175,0.045810810810810815,0.086,0.032,0.714,0.10025423728813561,0.588,0.698,1.088,0.224,0.221,0.566,0.049,0.066,0.239,0.249,0.065,0.827,0.085,0.423,0.596,1.509,0.198,1.084
2020-09-30,0.046,0.113,0.189,0.059,2.299,0.079,0.1774615384615385,0.053,0.185,0.275,0.07012499999999999,1.177,1.144,0.076,0.439,0.417,1.632,0.2,0.451,0.011,0.627,1.962,0.785,0.123,0.217,0.19,0.885,0.872,1.031,0.263,0.461,0.906,0.221,1.284,1.293,0.628,0.334,0.563,0.187,1.11,0.216,1.121,0.13851219512195123,0.193,0.191,0.333,0.185,0.818,1.549,0.101,0.041,0.037,0.039,0.022,0.15923529411764706,0.403,0.3745322580645162,2.626,0.121,0.144,0.152,1.026,0.077,0.384,0.047,0.052,0.054,0.073,0.091,0.384,0.175,0.045810810810810815,0.086,0.032,0.714,0.10025423728813561,0.588,0.698,1.088,0.218,0.221,0.566,0.049,0.066,0.239,0.249,0.065,0.827,0.085,0.423,0.596,1.509,0.205,1.084
2020-10-31,0.046,0.113,0.189,0.048,2.299,0.079,0.1774615384615385,0.053,0.185,0.275,0.07012499999999999,1.177,1.144,0.076,0.439,0.417,1.632,0.2,0.451,0.011,0.627,1.962,0.785,0.124,0.217,0.19,0.885,0.872,1.031,0.263,0.461,0.906,0.221,1.284,1.293,0.392,0.334,0.563,0.187,1.11,0.216,1.121,0.13851219512195123,0.193,0.191,0.333,0.185,0.818,1.549,0.101,0.041,0.037,0.039,0.022,0.15923529411764706,0.403,0.3745322580645162,2.626,0.121,0.144,0.152,1.026,0.077,0.384,0.047,0.053,0.054,0.055,0.091,0.384,0.175,0.045810810810810815,0.086,0.032,0.714,0.10025423728813561,0.588,0.698,1.088,0.218,0.221,0.566,0.049,0.066,0.239,0.249,0.065,0.827,0.085,0.423,0.673,1.509,0.205,1.084
2020-11-30,0.035,0.128,0.163,0.048,2.683,0.075,0.1774615384615385,0.052,0.185,0.271,0.07012499999999999,1.176,1.327,0.084,0.438,0.412,1.96,0.184,0.359,0.016,0.539,1.778,0.983,0.124,0.217,0.19,0.995,1.059,0.996,0.227,0.405,0.827,0.221,1.317,1.27,0.392,0.382,0.61,0.22,1.046,0.216,1.138,0.13851219512195123,0.169,0.196,0.365,0.179,0.821,1.657,0.097,0.052,0.046,0.039,0.017,0.15923529411764706,0.369,0.3745322580645162,2.5,0.129,0.109,0.148,1.048,0.078,0.335,0.047,0.053,0.054,0.055,0.092,0.342,0.159,0.045810810810810815,0.08,0.046,0.782,0.10025423728813561,0.558,0.679,1.162,0.218,0.191,0.528,0.039,0.064,0.232,0.222,0.054,0.863,0.086,0.405,0.673,1.657,0.205,1.391
2020-12-31,0.035,0.128,0.163,0.048,2.683,0.075,0.1774615384615385,0.052,0.146,0.271,0.07012499999999999,1.176,1.327,0.084,0.438,0.412,1.96,0.184,0.359,0.016,0.539,1.778,0.983,0.124,0.19,0.252,0.995,1.059,0.996,0.227,0.405,0.827,0.221,1.317,1.27,0.392,0.382,0.61,0.22,1.046,0.216,1.138,0.005,0.169,0.196,0.365,0.179,0.821,1.657,0.097,0.052,0.046,0.034,0.017,0.15923529411764706,0.369,0.3745322580645162,2.5,0.129,0.109,0.148,1.048,0.078,0.335,0.047,0.053,0.05,0.055,0.092,0.342,0.159,0.045810810810810815,0.08,0.046,0.782,0.10025423728813561,0.558,0.679,1.162,0.19,0.191,0.528,0.039,0.064,0.232,0.222,0.054,0.863,0.086,0.405,0.673,1.657,0.207,1.391
2021-01-31,0.035,0.128,0.163,0.058,2.683,0.075,0.1774615384615385,0.052,0.146,0.271,0.07012499999999999,1.176,1.327,0.084,0.438,0.412,1.96,0.184,0.359,0.016,0.539,1.778,0.983,0.086,0.19,0.252,0.995,1.059,0.996,0.227,0.405,0.827,0.221,1.317,1.27,0.323,0.382,0.61,0.22,1.046,0.216,1.138,0.005,0.169,0.196,0.365,0.179,0.821,1.657,0.097,0.052,0.046,0.034,0.017,0.15923529411764706,0.369,0.3745322580645162,2.5,0.129,0.109,0.148,1.048,0.078,0.335,0.047,0.05,0.05,0.046,0.092,0.342,0.159,0.045810810810810815,0.08,0.046,0.782,0.10025423728813561,0.558,0.679,1.162,0.19,0.191,0.528,0.039,0.064,0.232,0.222,0.054,0.863,0.086,0.405,0.65,1.657,0.207,1.391
2021-02-28,0.03,0.088,0.176,0.058,2.026,0.071,0.1774615384615385,0.057,0.146,0.22,0.07012499999999999,0.947,1.167,0.066,0.354,0.311,1.402,0.159,0.327,0.016,0.493,1.327,0.787,0.086,0.19,0.252,0.851,0.887,0.793,0.23,0.278,0.794,0.193,1.108,0.893,0.323,0.378,0.375,0.249,0.772,0.191,0.895,0.005,0.133,0.232,0.419,0.17,0.653,1.452,0.09,0.051,0.061,0.034,0.018,0.15923529411764706,0.373,0.3745322580645162,1.936,0.131,0.097,0.127,0.746,0.078,0.295,0.046,0.05,0.05,0.046,0.087,0.328,0.159,0.045810810810810815,0.073,0.043,0.664,0.10025423728813561,0.518,0.591,1.084,0.19,0.196,0.45,0.033,0.061,0.208,0.209,0.008,0.671,0.084,0.426,0.65,1.347,0.207,1.005
2021-03-31,0.03,0.088,0.176,0.058,2.026,0.071,0.1774615384615385,0.057,0.13,0.22,0.07012499999999999,0.947,1.167,0.066,0.354,0.311,1.402,0.159,0.327,0.016,0.493,1.327,0.787,0.086,0.2,0.208,0.851,0.887,0.793,0.23,0.278,0.794,0.193,1.108,0.893,0.323,0.378,0.375,0.249,0.772,0.191,0.895,0.015,0.133,0.232,0.419,0.17,0.653,1.452,0.09,0.051,0.061,0.012,0.018,0.15923529411764706,0.373,0.3745322580645162,1.936,0.131,0.097,0.127,0.746,0.078,0.295,0.046,0.05,0.053,0.046,0.087,0.328,0.159,0.045810810810810815,0.073,0.043,0.664,0.10025423728813561,0.518,0.591,1.084,0.17,0.196,0.45,0.033,0.061,0.208,0.209,0.008,0.671,0.084,0.426,0.65,1.347,0.225,1.005
2021-04-30,0.03,0.088,0.176,0.062,2.026,0.071,0.1774615384615385,0.057,0.13,0.22,0.07012499999999999,0.947,1.167,0.066,0.354,0.311,1.402,0.159,0.327,0.016,0.493,1.327,0.787,0.107,0.2,0.208,0.851,0.887,0.793,0.23,0.278,0.794,0.193,1.108,0.893,0.378,0.378,0.375,0.249,0.772,0.191,0.895,0.015,0.133,0.232,0.419,0.17,0.653,1.452,0.09,0.051,0.061,0.012,0.018,0.15923529411764706,0.373,0.3745322580645162,1.936,0.131,0.097,0.127,0.746,0.078,0.295,0.046,0.056,0.053,0.09,0.087,0.328,0.159,0.045810810810810815,0.073,0.043,0.664,0.10025423728813561,0.518,0.591,1.084,0.17,0.196,0.45,0.033,0.061,0.208,0.209,0.008,0.671,0.084,0.426,0.539,1.347,0.225,1.005
2021-05-31,0.034,0.091,0.158,0.062,1.566,0.065,0.1774615384615385,0.066,0.13,0.215,0.07012499999999999,0.751,0.976,0.061,0.34,0.304,1.212,0.13,0.337,0.01,0.486,1.053,0.673,0.107,0.2,0.208,0.784,0.715,0.708,0.231,0.276,0.76,0.177,1.056,0.706,0.378,0.308,0.291,0.289,0.601,0.169,0.767,0.015,0.135,0.18,0.322,0.167,0.541,1.265,0.1,0.054,0.061,0.012,0.019,0.15923529411764706,0.37,0.3745322580645162,1.394,0.123,0.081,0.144,0.679,0.076,0.308,0.056,0.056,0.053,0.09,0.094,0.36,0.159,0.045810810810810815,0.068,0.05,0.613,0.10025423728813561,0.367,0.601,1.052,0.17,0.206,0.49,0.036,0.059,0.199,0.195,0.062,0.552,0.088,0.449,0.539,1.032,0.225,0.741
2021-06-30,0.034,0.091,0.158,0.062,1.566,0.065,0.1774615384615385,0.066,0.128,0.215,0.07012499999999999,0.751,0.976,0.061,0.34,0.304,1.212,0.13,0.337,0.01,0.486,1.053,0.673,0.107,0.2,0.187,0.784,0.715,0.708,0.231,0.276,0.76,0.177,1.056,0.706,0.378,0.308,0.291,0.289,0.601,0.169,0.767,0.005,0.135,0.18,0.322,0.167,0.541,1.265,0.1,0.054,0.061,0.003,0.019,0.15923529411764706,0.37,0.3745322580645162,1.394,0.123,0.081,0.144,0.679,0.076,0.308,0.056,0.056,0.051,0.09,0.094,0.36,0.159,0.045810810810810815,0.068,0.05,0.613,0.10025423728813561,0.367,0.601,1.052,0.157,0.206,0.49,0.036,0.059,0.199,0.195,0.062,0.552,0.088,0.449,0.539,1.032,0.2,0.741
2021-07-31,0.034,0.091,0.158,0.058,1.566,0.065,0.1774615384615385,0.066,0.128,0.215,0.07012499999999999,0.751,0.976,0.061,0.34,0.304,1.212,0.13,0.337,0.01,0.486,1.053,0.673,0.124,0.2,0.187,0.784,0.715,0.708,0.231,0.276,0.76,0.177,1.056,0.706,0.334,0.308,0.291,0.289,0.601,0.169,0.767,0.005,0.135,0.18,0.322,0.167,0.541,1.265,0.1,0.054,0.061,0.003,0.019,0.15923529411764706,0.37,0.3745322580645162,1.394,0.123,0.081,0.144,0.679,0.076,0.308,0.056,0.059,0.051,0.059,0.094,0.36,0.159,0.045810810810810815,0.068,0.05,0.613,0.10025423728813561,0.367,0.601,1.052,0.157,0.206,0.49,0.036,0.059,0.199,0.195,0.062,0.552,0.088,0.449,0.514,1.032,0.2,0.741
2021-08-31,0.028,0.082,0.164,0.058,1.612,0.059,0.1774615384615385,0.066,0.128,0.194,0.07012499999999999,0.725,0.921,0.066,0.3,0.281,1.284,0.141,0.287,0.013,0.476,0.936,0.608,0.124,0.2,0.187,0.726,0.722,0.708,0.206,0.293,0.745,0.171,1.046,0.597,0.334,0.299,0.283,0.279,0.582,0.149,0.698,0.005,0.134,0.167,0.388,0.181,0.546,1.231,0.106,0.04,0.062,0.003,0.019,0.15923529411764706,0.355,0.3745322580645162,1.531,0.126,0.091,0.177,0.589,0.07,0.313,0.059,0.059,0.051,0.059,0.097,0.338,0.158,0.045810810810810815,0.061,0.051,0.553,0.10025423728813561,0.346,0.611,1.09,0.157,0.194,0.431,0.037,0.063,0.192,0.186,0.074,0.557,0.082,0.479,0.514,0.921,0.2,0.663
2021-09-30,0.028,0.082,0.164,0.058,1.612,0.059,0.1774615384615385,0.066,0.122,0.194,0.07012499999999999,0.725,0.921,0.066,0.3,0.281,1.284,0.141,0.287,0.013,0.476,0.936,0.608,0.124,0.235,0.177,0.726,0.722,0.708,0.206,0.293,0.745,0.171,1.046,0.597,0.334,0.299,0.283,0.279,0.582,0.149,0.698,0.006,0.134,0.167,0.388,0.181,0.546,1.231,0.106,0.04,0.062,0.012,0.019,0.15923529411764706,0.355,0.3745322580645162,1.531,0.126,0.091,0.177,0.589,0.07,0.313,0.059,0.059,0.044,0.059,0.097,0.338,0.158,0.045810810810810815,0.061,0.051,0.553,0.10025423728813561,0.346,0.611,1.09,0.125,0.194,0.431,0.037,0.063,0.192,0.186,0.074,0.557,0.082,0.479,0.514,0.921,0.202,0.663
2021-10-31,0.028,0.082,0.164,0.046,1.612,0.059,0.1774615384615385,0.066,0.122,0.194,0.07012499999999999,0.725,0.921,0.066,0.3,0.281,1.284,0.141,0.287,0.013,0.476,0.936,0.608,0.091,0.235,0.177,0.726,0.722,0.708,0.206,0.293,0.745,0.171,1.046,0.597,0.401,0.299,0.283,0.279,0.582,0.149,0.698,0.006,0.134,0.167,0.388,0.181,0.546,1.231,0.106,0.04,0.062,0.012,0.019,0.15923529411764706,0.355,0.3745322580645162,1.531,0.126,0.091,0.177,0.589,0.07,0.313,0.059,0.055,0.044,0.059,0.097,0.338,0.158,0.045810810810810815,0.061,0.051,0.553,0.10025423728813561,0.346,0.611,1.09,0.125,0.194,0.431,0.037,0.063,0.192,0.186,0.074,0.557,0.082,0.479,0.575,0.921,0.202,0.663
2021-11-30,0.027,0.09,0.165,0.046,1.403,0.068,0.1774615384615385,0.072,0.122,0.187,0.07012499999999999,0.712,0.912,0.066,0.318,0.321,1.313,0.16,0.276,0.016,0.492,0.912,0.557,0.091,0.235,0.177,0.719,0.764,0.813,0.185,0.311,0.773,0.189,1.008,0.662,0.401,0.296,0.331,0.297,0.685,0.14,0.733,0.006,0.138,0.178,0.43,0.182,0.528,1.361,0.11,0.045,0.102,0.012,0.021,0.15923529411764706,0.383,0.3745322580645162,1.513,0.143,0.097,0.197,0.561,0.072,0.291,0.057,0.055,0.044,0.059,0.098,0.315,0.155,0.045810810810810815,0.072,0.069,0.554,0.10025423728813561,0.345,0.607,1.178,0.125,0.178,0.494,0.035,0.069,0.201,0.209,0.094,0.542,0.086,0.517,0.575,0.914,0.202,0.721
2021-12-31,0.027,0.09,0.165,0.046,1.403,0.068,0.1774615384615385,0.072,0.097,0.187,0.07012499999999999,0.712,0.912,0.066,0.318,0.321,1.313,0.16,0.276,0.016,0.492,0.912,0.557,0.091,0.193,0.181,0.719,0.764,0.813,0.185,0.311,0.773,0.189,1.008,0.662,0.401,0.296,0.331,0.297,0.685,0.14,0.733,0.003,0.138,0.178,0.43,0.182,0.528,1.361,0.11,0.045,0.102,0.012,0.021,0.15923529411764706,0.383,0.3745322580645162,1.513,0.143,0.097,0.197,0.561,0.072,0.291,0.057,0.055,0.038,0.059,0.098,0.315,0.155,0.045810810810810815,0.072,0.069,0.554,0.10025423728813561,0.345,0.607,1.178,0.121,0.178,0.494,0.035,0.069,0.201,0.209,0.094,0.542,0.086,0.517,0.575,0.914,0.198,0.721
