,AAPL,AMGN,AXP,BA,CAT,CRM,CSCO,CVX,DIS,DOW,GS,HD,HON,IBM,INTC,JNJ,JPM,KO,MA,MCD,MMM,MRK,MSFT,NKE,PG,T,TRV,UNH,WBA,WMT
2016-02-07,8.12,7.42,6.02,6.76,7.22,5.29,6.89,7.33,7.18,7.077142857142858,6.22,8.1,6.55,7.14,6.9,7.477671232876711,6.69,7.82,6.12,6.89,7.14,7.29,7.61,6.88,7.53,7.4,6.15,7.08,7.56,7.47
2016-02-14,8.12,7.42,6.02,6.76,7.22,5.29,6.89,7.33,7.18,7.077142857142858,6.22,8.1,6.55,7.14,6.9,7.477671232876711,6.69,7.82,6.12,6.89,7.14,7.29,7.61,6.88,7.53,7.4,6.15,7.08,7.56,7.47
2016-02-21,8.12,7.42,6.02,6.76,7.22,5.29,6.89,7.33,7.18,7.077142857142858,6.22,8.1,6.55,7.14,6.9,7.477671232876711,6.69,7.82,6.12,6.89,7.14,7.29,7.61,6.88,7.53,7.4,6.15,7.08,7.56,7.47
2016-02-28,8.12,7.42,6.02,6.76,7.22,5.29,6.89,7.33,7.18,7.077142857142858,6.22,8.1,6.55,7.14,6.9,7.477671232876711,6.69,7.82,6.12,6.89,7.14,7.29,7.61,6.88,7.53,7.4,6.15,7.08,7.56,7.47
2016-03-06,8.12,7.42,6.02,6.76,7.22,5.29,6.89,7.33,7.18,7.077142857142858,6.22,8.1,6.55,7.14,6.9,7.7,6.69,7.82,6.12,6.89,7.14,7.29,7.61,6.88,7.53,7.4,6.15,7.08,7.56,7.47
2016-03-13,8.12,7.42,6.02,6.76,7.22,5.29,6.89,7.33,7.18,7.077142857142858,6.22,8.1,6.55,7.14,6.9,7.7,6.69,7.82,6.12,6.89,7.14,7.29,7.61,6.88,7.53,7.4,6.15,7.08,7.56,7.47
2016-03-20,8.12,7.42,6.02,6.76,7.22,5.29,6.89,7.33,7.18,7.077142857142858,6.22,8.1,6.55,7.14,6.9,7.7,6.69,7.82,6.12,6.89,7.14,7.29,7.61,6.88,7.53,7.4,6.15,7.08,7.56,7.47
2016-03-27,8.12,7.42,6.02,6.76,7.22,5.29,6.89,7.33,7.18,7.077142857142858,6.22,8.1,6.55,7.14,6.9,7.7,6.69,7.82,6.12,6.89,7.14,7.29,7.61,6.88,7.53,7.4,6.15,7.08,7.56,7.47
2016-04-03,8.12,7.42,6.02,6.76,7.22,5.29,6.89,7.33,7.18,7.077142857142858,6.22,8.1,6.55,7.14,6.9,7.7,6.69,7.82,6.12,6.89,7.14,7.29,7.61,6.88,7.53,7.4,6.15,7.08,7.56,7.9
2016-04-10,8.12,7.42,6.02,6.76,7.22,5.29,6.89,7.33,7.18,7.077142857142858,6.22,8.1,6.55,7.14,6.9,7.7,6.69,7.82,6.12,6.89,7.14,7.29,7.61,6.88,7.53,7.4,6.15,7.08,7.56,7.9
2016-04-17,8.12,7.42,6.02,6.76,7.22,5.29,6.89,7.33,7.18,7.077142857142858,6.22,8.1,6.55,7.14,6.9,7.7,6.69,7.82,6.12,6.89,7.14,7.29,7.61,6.88,7.53,7.4,6.15,7.08,7.56,7.9
2016-04-24,8.12,7.42,6.02,6.76,7.22,5.29,6.89,7.33,7.18,7.077142857142858,6.22,8.1,6.55,7.14,6.9,7.7,6.69,7.82,6.12,6.89,7.14,7.29,7.61,6.88,7.53,7.4,6.15,7.08,7.56,7.9
2016-05-01,8.12,7.42,6.02,6.76,7.22,5.29,6.89,7.33,7.18,7.077142857142858,6.22,8.1,6.55,7.14,6.9,7.7,6.69,7.82,6.12,6.89,7.14,7.29,7.61,6.88,7.53,7.4,6.15,7.08,7.56,7.9
2016-05-08,8.12,7.42,6.02,6.76,7.22,5.29,6.89,7.33,7.18,7.077142857142858,6.22,8.1,6.55,7.14,6.9,7.7,6.69,7.82,6.12,6.89,7.14,7.29,7.61,6.88,7.53,7.4,6.15,7.08,7.56,7.9
2016-05-15,8.12,7.42,6.02,6.76,7.22,5.29,6.89,7.33,7.18,7.077142857142858,6.22,8.1,6.55,7.14,6.9,7.7,6.69,7.82,6.12,6.89,7.14,7.29,7.61,6.88,7.53,7.4,6.15,7.08,7.56,7.9
2016-05-22,8.12,7.42,6.02,6.76,7.22,5.29,6.89,7.33,7.18,7.077142857142858,6.22,8.1,6.55,7.14,6.9,7.7,6.69,7.82,6.12,6.89,7.14,7.29,7.61,6.88,7.53,7.4,6.15,7.08,7.56,7.9
2016-05-29,8.12,7.42,6.02,6.76,7.22,5.29,6.89,7.33,7.18,7.077142857142858,6.22,8.1,6.55,7.14,6.9,7.7,6.69,7.82,6.12,6.89,7.14,7.29,7.61,6.88,7.53,7.4,6.15,7.08,7.56,7.9
2016-06-05,8.12,7.42,6.02,6.76,7.22,5.29,6.89,7.33,7.18,7.077142857142858,6.22,8.1,6.55,7.14,6.9,7.7,6.69,7.82,6.12,6.89,7.14,7.29,7.61,6.88,7.53,7.4,6.15,7.08,7.56,7.9
2016-06-12,8.12,7.42,6.02,6.76,7.22,5.29,6.89,7.33,7.18,7.077142857142858,6.22,8.1,6.55,7.14,6.9,7.7,6.69,7.82,6.12,6.89,7.14,7.29,7.61,6.88,7.53,7.4,6.15,7.08,7.56,7.9
2016-06-19,8.12,7.42,6.02,6.76,7.22,5.29,6.89,7.33,7.18,7.077142857142858,6.22,8.1,6.55,7.14,6.9,7.7,6.69,7.82,6.12,6.89,7.14,7.29,7.61,6.88,7.53,7.4,6.15,7.08,7.56,7.9
2016-06-26,8.12,7.42,6.02,6.76,7.22,5.29,6.89,7.33,7.18,7.077142857142858,6.22,8.1,6.55,7.14,6.9,7.7,6.69,7.82,6.12,6.89,7.14,7.29,7.61,6.88,7.53,7.4,6.15,7.08,7.56,7.9
2016-07-03,8.12,7.42,6.02,6.76,7.22,5.29,6.89,7.33,7.18,7.077142857142858,6.22,8.1,6.55,7.14,6.9,7.7,6.69,7.82,6.12,6.89,7.14,7.29,8.21,6.42,7.48,7.4,6.15,7.08,7.56,7.9
2016-07-10,8.12,7.42,6.02,6.76,7.22,5.29,6.89,7.33,7.18,7.077142857142858,6.22,8.1,6.55,7.14,6.9,7.7,6.69,7.82,6.12,6.89,7.14,7.29,8.21,6.42,7.48,7.4,6.15,7.08,7.56,7.9
2016-07-17,8.12,7.42,6.02,6.76,7.22,5.29,6.89,7.33,7.18,7.077142857142858,6.22,8.1,6.55,7.14,6.9,7.7,6.69,7.82,6.12,6.89,7.14,7.29,8.21,6.42,7.48,7.4,6.15,7.08,7.56,7.9
2016-07-24,8.12,7.42,6.02,6.76,7.22,5.29,6.89,7.33,7.18,7.077142857142858,6.22,8.1,6.55,7.14,6.9,7.7,6.69,7.82,6.12,6.89,7.14,7.29,8.21,6.42,7.48,7.4,6.15,7.08,7.56,7.9
2016-07-31,8.12,7.42,6.02,6.76,7.22,5.29,6.89,7.33,7.18,7.077142857142858,6.22,8.1,6.55,7.14,6.9,7.7,6.69,7.82,6.12,6.89,7.14,7.29,8.21,6.42,7.48,7.4,6.15,7.08,7.56,7.9
2016-08-07,8.12,7.42,6.02,6.76,7.22,5.29,6.89,7.33,7.18,7.077142857142858,6.22,8.1,6.55,7.14,6.9,7.7,6.69,7.82,6.12,6.89,7.14,7.29,8.21,6.42,7.48,7.4,6.15,7.08,7.56,7.9
2016-08-14,8.12,7.42,6.02,6.76,7.22,5.29,6.89,7.33,7.18,7.077142857142858,6.22,8.1,6.55,7.14,6.9,7.7,6.69,7.82,6.12,6.89,7.14,7.29,8.21,6.42,7.48,7.4,6.15,7.08,7.56,7.9
2016-08-21,8.12,7.42,6.02,6.76,7.22,5.29,6.89,7.33,7.18,7.077142857142858,6.22,8.1,6.55,7.14,6.9,7.7,6.69,7.82,6.12,6.89,7.14,7.29,8.21,6.42,7.48,7.4,6.15,7.08,7.56,7.9
2016-08-28,8.12,7.42,6.02,6.76,7.22,5.29,6.89,7.33,7.18,7.077142857142858,6.22,8.1,6.55,7.14,6.9,7.7,6.69,7.82,6.12,6.89,7.14,7.29,8.21,6.42,7.48,7.4,6.15,7.08,7.56,7.9
2016-09-04,8.12,7.42,6.02,6.76,7.22,5.29,6.79,7.33,7.18,7.077142857142858,6.22,8.1,6.55,7.14,6.9,7.7,6.69,7.82,6.12,6.89,7.14,7.29,8.21,6.42,7.48,7.4,6.15,7.08,7.84,7.9
2016-09-11,8.12,7.42,6.02,6.76,7.22,5.29,6.79,7.33,7.18,7.077142857142858,6.22,8.1,6.55,7.14,6.9,7.7,6.69,7.82,6.12,6.89,7.14,7.29,8.21,6.42,7.48,7.4,6.15,7.08,7.84,7.9
2016-09-18,8.12,7.42,6.02,6.76,7.22,5.29,6.79,7.33,7.18,7.077142857142858,6.22,8.1,6.55,7.14,6.9,7.7,6.69,7.82,6.12,6.89,7.14,7.29,8.21,6.42,7.48,7.4,6.15,7.08,7.84,7.9
2016-09-25,8.12,7.42,6.02,6.76,7.22,5.29,6.79,7.33,7.18,7.077142857142858,6.22,8.1,6.55,7.14,6.9,7.7,6.69,7.82,6.12,6.89,7.14,7.29,8.21,6.42,7.48,7.4,6.15,7.08,7.84,7.9
2016-10-02,8.09,7.42,6.02,6.76,7.22,5.29,6.79,7.33,7.18,7.077142857142858,6.22,8.1,6.55,7.14,6.9,7.7,6.69,7.82,6.12,6.89,7.14,7.29,8.21,6.42,7.48,7.4,6.15,7.08,7.84,7.9
2016-10-09,8.09,7.42,6.02,6.76,7.22,5.29,6.79,7.33,7.18,7.077142857142858,6.22,8.1,6.55,7.14,6.9,7.7,6.69,7.82,6.12,6.89,7.14,7.29,8.21,6.42,7.48,7.4,6.15,7.08,7.84,7.9
2016-10-16,8.09,7.42,6.02,6.76,7.22,5.29,6.79,7.33,7.18,7.077142857142858,6.22,8.1,6.55,7.14,6.9,7.7,6.69,7.82,6.12,6.89,7.14,7.29,8.21,6.42,7.48,7.4,6.15,7.08,7.84,7.9
2016-10-23,8.09,7.42,6.02,6.76,7.22,5.29,6.79,7.33,7.18,7.077142857142858,6.22,8.1,6.55,7.14,6.9,7.7,6.69,7.82,6.12,6.89,7.14,7.29,8.21,6.42,7.48,7.4,6.15,7.08,7.84,7.9
2016-10-30,8.09,7.42,6.02,6.76,7.22,5.29,6.79,7.33,7.18,7.077142857142858,6.22,8.1,6.55,7.14,6.9,7.7,6.69,7.82,6.12,6.89,7.14,7.29,8.21,6.42,7.48,7.4,6.15,7.08,7.84,7.9
2016-11-06,8.09,7.42,6.02,6.76,7.22,5.29,6.79,7.33,7.18,7.077142857142858,6.22,8.1,6.55,7.14,6.9,7.7,6.69,7.82,6.12,6.89,7.14,7.29,8.21,6.42,7.48,7.4,6.15,7.08,7.84,7.9
2016-11-13,8.09,7.42,6.02,6.76,7.22,5.29,6.79,7.33,7.18,7.077142857142858,6.22,8.1,6.55,7.14,6.9,7.7,6.69,7.82,6.12,6.89,7.14,7.29,8.21,6.42,7.48,7.4,6.15,7.08,7.84,7.9
2016-11-20,8.09,7.42,6.02,6.76,7.22,5.29,6.79,7.33,7.18,7.077142857142858,6.22,8.1,6.55,7.14,6.9,7.7,6.69,7.82,6.12,6.89,7.14,7.29,8.21,6.42,7.48,7.4,6.15,7.08,7.84,7.9
2016-11-27,8.09,7.42,6.02,6.76,7.22,5.29,6.79,7.33,7.18,7.077142857142858,6.22,8.1,6.55,7.14,6.9,7.7,6.69,7.82,6.12,6.89,7.14,7.29,8.21,6.42,7.48,7.4,6.15,7.08,7.84,7.9
2016-12-04,8.09,7.42,6.02,6.76,7.22,5.29,6.79,7.33,7.01,7.077142857142858,6.22,8.1,6.55,7.14,6.9,7.7,6.69,7.82,6.12,6.89,7.14,7.29,8.21,6.42,7.48,7.4,6.15,7.08,7.84,7.9
2016-12-11,8.09,7.42,6.02,6.76,7.22,5.29,6.79,7.33,7.01,7.077142857142858,6.22,8.1,6.55,7.14,6.9,7.7,6.69,7.82,6.12,6.89,7.14,7.29,8.21,6.42,7.48,7.4,6.15,7.08,7.84,7.9
2016-12-18,8.09,7.42,6.02,6.76,7.22,5.29,6.79,7.33,7.01,7.077142857142858,6.22,8.1,6.55,7.14,6.9,7.7,6.69,7.82,6.12,6.89,7.14,7.29,8.21,6.42,7.48,7.4,6.15,7.08,7.84,7.9
2016-12-25,8.09,7.42,6.02,6.76,7.22,5.29,6.79,7.33,7.01,7.077142857142858,6.22,8.1,6.55,7.14,6.9,7.7,6.69,7.82,6.12,6.89,7.14,7.29,8.21,6.42,7.48,7.4,6.15,7.08,7.84,7.9
2017-01-01,8.09,6.98,5.77,7.4,6.76,5.89,6.79,7.87,7.01,7.077142857142858,6.55,7.95,6.72,7.14,7.0,7.7,6.5,7.32,6.28,6.66,7.19,7.04,8.21,6.42,7.48,6.74,6.96,6.93,7.84,7.9
2017-01-08,8.09,6.98,5.77,7.4,6.76,5.89,6.79,7.87,7.01,7.077142857142858,6.55,7.95,6.72,7.14,7.0,7.7,6.5,7.32,6.28,6.66,7.19,7.04,8.21,6.42,7.48,6.74,6.96,6.93,7.84,7.9
2017-01-15,8.09,6.98,5.77,7.4,6.76,5.89,6.79,7.87,7.01,7.077142857142858,6.55,7.95,6.72,7.14,7.0,7.7,6.5,7.32,6.28,6.66,7.19,7.04,8.21,6.42,7.48,6.74,6.96,6.93,7.84,7.9
2017-01-22,8.09,6.98,5.77,7.4,6.76,5.89,6.79,7.87,7.01,7.077142857142858,6.55,7.95,6.72,7.14,7.0,7.7,6.5,7.32,6.28,6.66,7.19,7.04,8.21,6.42,7.48,6.74,6.96,6.93,7.84,7.9
2017-01-29,8.09,6.98,5.77,7.4,6.76,5.89,6.79,7.87,7.01,7.077142857142858,6.55,7.95,6.72,7.14,7.0,7.7,6.5,7.32,6.28,6.66,7.19,7.04,8.21,6.42,7.48,6.74,6.96,6.93,7.84,7.9
2017-02-05,8.09,6.98,5.77,7.4,6.76,5.89,6.79,7.87,7.01,7.077142857142858,6.55,7.95,6.72,7.14,7.0,7.57,6.5,7.32,6.28,6.66,7.19,7.04,8.21,6.42,7.48,6.74,6.96,6.93,7.84,7.9
2017-02-12,8.09,6.98,5.77,7.4,6.76,5.89,6.79,7.87,7.01,7.077142857142858,6.55,7.95,6.72,7.14,7.0,7.57,6.5,7.32,6.28,6.66,7.19,7.04,8.21,6.42,7.48,6.74,6.96,6.93,7.84,7.9
2017-02-19,8.09,6.98,5.77,7.4,6.76,5.89,6.79,7.87,7.01,7.077142857142858,6.55,7.95,6.72,7.14,7.0,7.57,6.5,7.32,6.28,6.66,7.19,7.04,8.21,6.42,7.48,6.74,6.96,6.93,7.84,7.9
2017-02-26,8.09,6.98,5.77,7.4,6.76,5.89,6.79,7.87,7.01,7.077142857142858,6.55,7.95,6.72,7.14,7.0,7.57,6.5,7.32,6.28,6.66,7.19,7.04,8.21,6.42,7.48,6.74,6.96,6.93,7.84,7.9
2017-03-05,8.09,6.98,5.77,7.4,6.76,5.89,6.79,7.87,7.01,7.077142857142858,6.55,7.95,6.72,7.14,7.0,7.57,6.5,7.32,6.28,6.66,7.19,7.04,8.21,6.42,7.48,6.74,6.96,6.93,7.84,7.56
2017-03-12,8.09,6.98,5.77,7.4,6.76,5.89,6.79,7.87,7.01,7.077142857142858,6.55,7.95,6.72,7.14,7.0,7.57,6.5,7.32,6.28,6.66,7.19,7.04,8.21,6.42,7.48,6.74,6.96,6.93,7.84,7.56
2017-03-19,8.09,6.98,5.77,7.4,6.76,5.89,6.79,7.87,7.01,7.077142857142858,6.55,7.95,6.72,7.14,7.0,7.57,6.5,7.32,6.28,6.66,7.19,7.04,8.21,6.42,7.48,6.74,6.96,6.93,7.84,7.56
2017-03-26,8.09,6.98,5.77,7.4,6.76,5.89,6.79,7.87,7.01,7.077142857142858,6.55,7.95,6.72,7.14,7.0,7.57,6.5,7.32,6.28,6.66,7.19,7.04,8.21,6.42,7.48,6.74,6.96,6.93,7.84,7.56
2017-04-02,8.09,6.98,5.77,7.4,6.76,5.89,6.79,7.87,7.01,7.077142857142858,6.55,7.95,6.72,7.14,7.0,7.57,6.5,7.32,6.28,6.66,7.19,7.04,8.21,6.42,7.48,6.74,6.96,6.93,7.84,7.56
2017-04-09,8.09,6.98,5.77,7.4,6.76,5.89,6.79,7.87,7.01,7.077142857142858,6.55,7.95,6.72,7.14,7.0,7.57,6.5,7.32,6.28,6.66,7.19,7.04,8.21,6.42,7.48,6.74,6.96,6.93,7.84,7.56
2017-04-16,8.09,6.98,5.77,7.4,6.76,5.89,6.79,7.87,7.01,7.077142857142858,6.55,7.95,6.72,7.14,7.0,7.57,6.5,7.32,6.28,6.66,7.19,7.04,8.21,6.42,7.48,6.74,6.96,6.93,7.84,7.56
2017-04-23,8.09,6.98,5.77,7.4,6.76,5.89,6.79,7.87,7.01,7.077142857142858,6.55,7.95,6.72,7.14,7.0,7.57,6.5,7.32,6.28,6.66,7.19,7.04,8.21,6.42,7.48,6.74,6.96,6.93,7.84,7.56
2017-04-30,8.09,6.98,5.77,7.4,6.76,5.89,6.79,7.87,7.01,7.077142857142858,6.55,7.95,6.72,7.14,7.0,7.57,6.5,7.32,6.28,6.66,7.19,7.04,8.21,6.42,7.48,6.74,6.96,6.93,7.84,7.56
2017-05-07,8.09,6.98,5.77,7.4,6.76,5.89,6.79,7.87,7.01,7.077142857142858,6.55,7.95,6.72,7.14,7.0,7.57,6.5,7.32,6.28,6.66,7.19,7.04,8.21,6.42,7.48,6.74,6.96,6.93,7.84,7.56
2017-05-14,8.09,6.98,5.77,7.4,6.76,5.89,6.79,7.87,7.01,7.077142857142858,6.55,7.95,6.72,7.14,7.0,7.57,6.5,7.32,6.28,6.66,7.19,7.04,8.21,6.42,7.48,6.74,6.96,6.93,7.84,7.56
2017-05-21,8.09,6.98,5.77,7.4,6.76,5.89,6.79,7.87,7.01,7.077142857142858,6.55,7.95,6.72,7.14,7.0,7.57,6.5,7.32,6.28,6.66,7.19,7.04,8.21,6.42,7.48,6.74,6.96,6.93,7.84,7.56
2017-05-28,8.09,6.98,5.77,7.4,6.76,5.89,6.79,7.87,7.01,7.077142857142858,6.55,7.95,6.72,7.14,7.0,7.57,6.5,7.32,6.28,6.66,7.19,7.04,8.21,6.42,7.48,6.74,6.96,6.93,7.84,7.56
2017-06-04,8.09,6.98,5.77,7.4,6.76,5.89,6.79,7.87,7.01,7.077142857142858,6.55,7.95,6.72,7.14,7.0,7.57,6.5,7.32,6.28,6.66,7.19,7.04,8.1,7.25,7.0,6.74,6.96,6.93,7.84,7.56
2017-06-11,8.09,6.98,5.77,7.4,6.76,5.89,6.79,7.87,7.01,7.077142857142858,6.55,7.95,6.72,7.14,7.0,7.57,6.5,7.32,6.28,6.66,7.19,7.04,8.1,7.25,7.0,6.74,6.96,6.93,7.84,7.56
2017-06-18,8.09,6.98,5.77,7.4,6.76,5.89,6.79,7.87,7.01,7.077142857142858,6.55,7.95,6.72,7.14,7.0,7.57,6.5,7.32,6.28,6.66,7.19,7.04,8.1,7.25,7.0,6.74,6.96,6.93,7.84,7.56
2017-06-25,8.09,6.98,5.77,7.4,6.76,5.89,6.79,7.87,7.01,7.077142857142858,6.55,7.95,6.72,7.14,7.0,7.57,6.5,7.32,6.28,6.66,7.19,7.04,8.1,7.25,7.0,6.74,6.96,6.93,7.84,7.56
2017-07-02,8.09,6.98,5.77,7.4,6.76,5.89,6.79,7.87,7.01,7.077142857142858,6.55,7.95,6.72,7.14,7.0,7.57,6.5,7.32,6.28,6.66,7.19,7.04,8.1,7.25,7.0,6.74,6.96,6.93,7.84,7.56
2017-07-09,8.09,6.98,5.77,7.4,6.76,5.89,6.79,7.87,7.01,7.077142857142858,6.55,7.95,6.72,7.14,7.0,7.57,6.5,7.32,6.28,6.66,7.19,7.04,8.1,7.25,7.0,6.74,6.96,6.93,7.84,7.56
2017-07-16,8.09,6.98,5.77,7.4,6.76,5.89,6.79,7.87,7.01,7.077142857142858,6.55,7.95,6.72,7.14,7.0,7.57,6.5,7.32,6.28,6.66,7.19,7.04,8.1,7.25,7.0,6.74,6.96,6.93,7.84,7.56
2017-07-23,8.09,6.98,5.77,7.4,6.76,5.89,6.79,7.87,7.01,7.077142857142858,6.55,7.95,6.72,7.14,7.0,7.57,6.5,7.32,6.28,6.66,7.19,7.04,8.1,7.25,7.0,6.74,6.96,6.93,7.84,7.56
2017-07-30,8.09,6.98,5.77,7.4,6.76,5.89,6.79,7.87,7.01,7.077142857142858,6.55,7.95,6.72,7.14,7.0,7.57,6.5,7.32,6.28,6.66,7.19,7.04,8.1,7.25,7.0,6.74,6.96,6.93,7.84,7.56
2017-08-06,8.09,6.98,5.77,7.4,6.76,5.89,7.02,7.87,7.01,7.077142857142858,6.55,7.95,6.72,7.14,7.0,7.57,6.5,7.32,6.28,6.66,7.19,7.04,8.1,7.25,7.0,6.74,6.96,6.93,7.86,7.56
2017-08-13,8.09,6.98,5.77,7.4,6.76,5.89,7.02,7.87,7.01,7.077142857142858,6.55,7.95,6.72,7.14,7.0,7.57,6.5,7.32,6.28,6.66,7.19,7.04,8.1,7.25,7.0,6.74,6.96,6.93,7.86,7.56
2017-08-20,8.09,6.98,5.77,7.4,6.76,5.89,7.02,7.87,7.01,7.077142857142858,6.55,7.95,6.72,7.14,7.0,7.57,6.5,7.32,6.28,6.66,7.19,7.04,8.1,7.25,7.0,6.74,6.96,6.93,7.86,7.56
2017-08-27,8.09,6.98,5.77,7.4,6.76,5.89,7.02,7.87,7.01,7.077142857142858,6.55,7.95,6.72,7.14,7.0,7.57,6.5,7.32,6.28,6.66,7.19,7.04,8.1,7.25,7.0,6.74,6.96,6.93,7.86,7.56
2017-09-03,7.95,6.98,5.77,7.4,6.76,5.89,7.02,7.87,7.01,7.077142857142858,6.55,7.95,6.72,7.14,7.0,7.57,6.5,7.32,6.28,6.66,7.19,7.04,8.1,7.25,7.0,6.74,6.96,6.93,7.86,7.56
2017-09-10,7.95,6.98,5.77,7.4,6.76,5.89,7.02,7.87,7.01,7.077142857142858,6.55,7.95,6.72,7.14,7.0,7.57,6.5,7.32,6.28,6.66,7.19,7.04,8.1,7.25,7.0,6.74,6.96,6.93,7.86,7.56
2017-09-17,7.95,6.98,5.77,7.4,6.76,5.89,7.02,7.87,7.01,7.077142857142858,6.55,7.95,6.72,7.14,7.0,7.57,6.5,7.32,6.28,6.66,7.19,7.04,8.1,7.25,7.0,6.74,6.96,6.93,7.86,7.56
2017-09-24,7.95,6.98,5.77,7.4,6.76,5.89,7.02,7.87,7.01,7.077142857142858,6.55,7.95,6.72,7.14,7.0,7.57,6.5,7.32,6.28,6.66,7.19,7.04,8.1,7.25,7.0,6.74,6.96,6.93,7.86,7.56
2017-10-01,7.95,6.98,5.77,7.4,6.76,5.89,7.02,7.87,7.01,7.077142857142858,6.55,7.95,6.72,7.14,7.0,7.57,6.5,7.32,6.28,6.66,7.19,7.04,8.1,7.25,7.0,6.74,6.96,6.93,7.86,7.56
2017-10-08,7.95,6.98,5.77,7.4,6.76,5.89,7.02,7.87,7.01,7.077142857142858,6.55,7.95,6.72,7.14,7.0,7.57,6.5,7.32,6.28,6.66,7.19,7.04,8.1,7.25,7.0,6.74,6.96,6.93,7.86,7.56
2017-10-15,7.95,6.98,5.77,7.4,6.76,5.89,7.02,7.87,7.01,7.077142857142858,6.55,7.95,6.72,7.14,7.0,7.57,6.5,7.32,6.28,6.66,7.19,7.04,8.1,7.25,7.0,6.74,6.96,6.93,7.86,7.56
2017-10-22,7.95,6.98,5.77,7.4,6.76,5.89,7.02,7.87,7.01,7.077142857142858,6.55,7.95,6.72,7.14,7.0,7.57,6.5,7.32,6.28,6.66,7.19,7.04,8.1,7.25,7.0,6.74,6.96,6.93,7.86,7.56
2017-10-29,7.95,6.98,5.77,7.4,6.76,5.89,7.02,7.87,7.01,7.077142857142858,6.55,7.95,6.72,7.14,7.0,7.57,6.5,7.32,6.28,6.66,7.19,7.04,8.1,7.25,7.0,6.74,6.96,6.93,7.86,7.56
2017-11-05,7.95,6.98,5.77,7.4,6.76,5.89,7.02,7.87,6.66,7.077142857142858,6.55,7.95,6.72,7.14,7.0,7.57,6.5,7.32,6.28,6.66,7.19,7.04,8.1,7.25,7.0,6.74,6.96,6.93,7.86,7.56
2017-11-12,7.95,6.98,5.77,7.4,6.76,5.89,7.02,7.87,6.66,7.077142857142858,6.55,7.95,6.72,7.14,7.0,7.57,6.5,7.32,6.28,6.66,7.19,7.04,8.1,7.25,7.0,6.74,6.96,6.93,7.86,7.56
2017-11-19,7.95,6.98,5.77,7.4,6.76,5.89,7.02,7.87,6.66,7.077142857142858,6.55,7.95,6.72,7.14,7.0,7.57,6.5,7.32,6.28,6.66,7.19,7.04,8.1,7.25,7.0,6.74,6.96,6.93,7.86,7.56
2017-11-26,7.95,6.98,5.77,7.4,6.76,5.89,7.02,7.87,6.66,7.077142857142858,6.55,7.95,6.72,7.14,7.0,7.57,6.5,7.32,6.28,6.66,7.19,7.04,8.1,7.25,7.0,6.74,6.96,6.93,7.86,7.56
2017-12-03,7.95,6.98,5.77,7.4,6.76,5.89,7.02,7.87,6.66,7.077142857142858,6.67,7.95,6.72,7.14,7.0,7.57,6.5,7.32,6.28,6.66,7.19,7.04,8.1,7.25,7.0,7.49,6.96,6.93,7.86,7.56
2017-12-10,7.95,6.98,5.77,7.4,6.76,5.89,7.02,7.87,6.66,7.077142857142858,6.67,7.95,6.72,7.14,7.0,7.57,6.5,7.32,6.28,6.66,7.19,7.04,8.1,7.25,7.0,7.49,6.96,6.93,7.86,7.56
2017-12-17,7.95,6.98,5.77,7.4,6.76,5.89,7.02,7.87,6.66,7.077142857142858,6.67,7.95,6.72,7.14,7.0,7.57,6.5,7.32,6.28,6.66,7.19,7.04,8.1,7.25,7.0,7.49,6.96,6.93,7.86,7.56
2017-12-24,7.95,6.98,5.77,7.4,6.76,5.89,7.02,7.87,6.66,7.077142857142858,6.67,7.95,6.72,7.14,7.0,7.57,6.5,7.32,6.28,6.66,7.19,7.04,8.1,7.25,7.0,7.49,6.96,6.93,7.86,7.56
2017-12-31,7.95,7.58,5.73,7.56,6.69,6.31,7.02,7.61,6.66,7.077142857142858,6.67,7.8,6.5,7.45,7.23,7.6,6.36,6.9,6.24,6.92,7.36,7.19,8.1,7.25,7.0,7.49,6.72,7.41,7.86,7.56
2018-01-07,7.95,7.58,5.73,7.56,6.69,6.31,7.02,7.61,6.66,7.077142857142858,6.67,7.8,6.5,7.45,7.23,7.6,6.36,6.9,6.24,6.92,7.36,7.19,8.1,7.25,7.0,7.49,6.72,7.41,7.86,7.56
2018-01-14,7.95,7.58,5.73,7.56,6.69,6.31,7.02,7.61,6.66,7.077142857142858,6.67,7.8,6.5,7.45,7.23,7.6,6.36,6.9,6.24,6.92,7.36,7.19,8.1,7.25,7.0,7.49,6.72,7.41,7.86,7.56
2018-01-21,7.95,7.58,5.73,7.56,6.69,6.31,7.02,7.61,6.66,7.077142857142858,6.67,7.8,6.5,7.45,7.23,7.6,6.36,6.9,6.24,6.92,7.36,7.19,8.1,7.25,7.0,7.49,6.72,7.41,7.86,7.56
2018-01-28,7.95,7.58,5.73,7.56,6.69,6.31,7.02,7.61,6.66,7.077142857142858,6.67,7.8,6.5,7.45,7.23,7.6,6.36,6.9,6.24,6.92,7.36,7.19,8.1,7.25,7.0,7.49,6.72,7.41,7.86,7.56
2018-02-04,7.95,7.58,5.73,7.56,6.69,6.31,7.02,7.61,6.66,7.077142857142858,6.67,7.8,6.5,7.45,7.23,7.6,6.36,6.9,6.24,6.92,7.36,7.19,8.1,7.25,7.0,7.49,6.72,7.41,7.86,7.8
2018-02-11,7.95,7.58,5.73,7.56,6.69,6.31,7.02,7.61,6.66,7.077142857142858,6.67,7.8,6.5,7.45,7.23,7.6,6.36,6.9,6.24,6.92,7.36,7.19,8.1,7.25,7.0,7.49,6.72,7.41,7.86,7.8
2018-02-18,7.95,7.58,5.73,7.56,6.69,6.31,7.02,7.61,6.66,7.077142857142858,6.67,7.8,6.5,7.45,7.23,7.6,6.36,6.9,6.24,6.92,7.36,7.19,8.1,7.25,7.0,7.49,6.72,7.41,7.86,7.8
2018-02-25,7.95,7.58,5.73,7.56,6.69,6.31,7.02,7.61,6.66,7.077142857142858,6.67,7.8,6.5,7.45,7.23,7.6,6.36,6.9,6.24,6.92,7.36,7.19,8.1,7.25,7.0,7.49,6.72,7.41,7.86,7.8
2018-03-04,7.95,7.58,5.73,7.56,6.69,6.31,7.02,7.61,6.66,7.077142857142858,6.67,7.8,6.5,7.45,7.23,7.6,6.36,6.9,6.24,6.92,7.36,7.19,8.1,7.25,7.0,7.49,6.72,7.41,7.86,7.8
2018-03-11,7.95,7.58,5.73,7.56,6.69,6.31,7.02,7.61,6.66,7.077142857142858,6.67,7.8,6.5,7.45,7.23,7.6,6.36,6.9,6.24,6.92,7.36,7.19,8.1,7.25,7.0,7.49,6.72,7.41,7.86,7.8
2018-03-18,7.95,7.58,5.73,7.56,6.69,6.31,7.02,7.61,6.66,7.077142857142858,6.67,7.8,6.5,7.45,7.23,7.6,6.36,6.9,6.24,6.92,7.36,7.19,8.1,7.25,7.0,7.49,6.72,7.41,7.86,7.8
2018-03-25,7.95,7.58,5.73,7.56,6.69,6.31,7.02,7.61,6.66,7.077142857142858,6.67,7.8,6.5,7.45,7.23,7.6,6.36,6.9,6.24,6.92,7.36,7.19,8.1,7.25,7.0,7.49,6.72,7.41,7.86,7.8
2018-04-01,7.95,7.58,5.73,7.56,6.69,6.31,7.02,7.61,6.66,7.077142857142858,6.67,7.8,6.5,7.45,7.23,7.6,6.36,6.9,6.24,6.92,7.36,7.19,8.1,7.25,7.0,7.49,6.72,7.41,7.86,7.8
2018-04-08,7.95,7.58,5.73,7.56,6.69,6.31,7.02,7.61,6.66,7.077142857142858,6.67,7.8,6.5,7.45,7.23,7.6,6.36,6.9,6.24,6.92,7.36,7.19,8.1,7.25,7.0,7.49,6.72,7.41,7.86,7.8
2018-04-15,7.95,7.58,5.73,7.56,6.69,6.31,7.02,7.61,6.66,7.077142857142858,6.67,7.8,6.5,7.45,7.23,7.6,6.36,6.9,6.24,6.92,7.36,7.19,8.1,7.25,7.0,7.49,6.72,7.41,7.86,7.8
2018-04-22,7.95,7.58,5.73,7.56,6.69,6.31,7.02,7.61,6.66,7.077142857142858,6.67,7.8,6.5,7.45,7.23,7.6,6.36,6.9,6.24,6.92,7.36,7.19,8.1,7.25,7.0,7.49,6.72,7.41,7.86,7.8
2018-04-29,7.95,7.58,5.73,7.56,6.69,6.31,7.02,7.61,6.66,7.077142857142858,6.67,7.8,6.5,7.45,7.23,7.6,6.36,6.9,6.24,6.92,7.36,7.19,8.1,7.25,7.0,7.49,6.72,7.41,7.86,7.8
2018-05-06,7.95,7.58,5.73,7.56,6.69,6.31,7.02,7.61,6.66,7.077142857142858,6.67,7.8,6.5,7.45,7.23,7.6,6.36,6.9,6.24,6.92,7.36,7.19,8.1,7.31,7.0,7.49,6.72,7.41,7.86,7.8
2018-05-13,7.95,7.58,5.73,7.56,6.69,6.31,7.02,7.61,6.66,7.077142857142858,6.67,7.8,6.5,7.45,7.23,7.6,6.36,6.9,6.24,6.92,7.36,7.19,8.1,7.31,7.0,7.49,6.72,7.41,7.86,7.8
2018-05-20,7.95,7.58,5.73,7.56,6.69,6.31,7.02,7.61,6.66,7.077142857142858,6.67,7.8,6.5,7.45,7.23,7.6,6.36,6.9,6.24,6.92,7.36,7.19,8.1,7.31,7.0,7.49,6.72,7.41,7.86,7.8
2018-05-27,7.95,7.58,5.73,7.56,6.69,6.31,7.02,7.61,6.66,7.077142857142858,6.67,7.8,6.5,7.45,7.23,7.6,6.36,6.9,6.24,6.92,7.36,7.19,8.1,7.31,7.0,7.49,6.72,7.41,7.86,7.8
2018-06-03,7.95,7.58,5.73,7.56,6.69,6.31,7.02,7.61,6.66,7.077142857142858,6.67,7.8,6.5,7.45,7.23,7.6,6.36,6.9,6.24,6.92,7.36,7.19,8.15,7.31,7.17,7.49,6.72,7.41,7.86,7.8
2018-06-10,7.95,7.58,5.73,7.56,6.69,6.31,7.02,7.61,6.66,7.077142857142858,6.67,7.8,6.5,7.45,7.23,7.6,6.36,6.9,6.24,6.92,7.36,7.19,8.15,7.31,7.17,7.49,6.72,7.41,7.86,7.8
2018-06-17,7.95,7.58,5.73,7.56,6.69,6.31,7.02,7.61,6.66,7.077142857142858,6.67,7.8,6.5,7.45,7.23,7.6,6.36,6.9,6.24,6.92,7.36,7.19,8.15,7.31,7.17,7.49,6.72,7.41,7.86,7.8
2018-06-24,7.95,7.58,5.73,7.56,6.69,6.31,7.02,7.61,6.66,7.077142857142858,6.67,7.8,6.5,7.45,7.23,7.6,6.36,6.9,6.24,6.92,7.36,7.19,8.15,7.31,7.17,7.49,6.72,7.41,7.86,7.8
2018-07-01,7.56,7.58,5.73,7.56,6.69,6.31,7.08,7.61,6.66,7.077142857142858,6.67,7.8,6.5,7.45,7.23,7.6,6.36,6.9,6.24,6.92,7.36,7.19,8.15,7.31,7.17,7.49,6.72,7.41,7.43,7.8
2018-07-08,7.56,7.58,5.73,7.56,6.69,6.31,7.08,7.61,6.66,7.077142857142858,6.67,7.8,6.5,7.45,7.23,7.6,6.36,6.9,6.24,6.92,7.36,7.19,8.15,7.31,7.17,7.49,6.72,7.41,7.43,7.8
2018-07-15,7.56,7.58,5.73,7.56,6.69,6.31,7.08,7.61,6.66,7.077142857142858,6.67,7.8,6.5,7.45,7.23,7.6,6.36,6.9,6.24,6.92,7.36,7.19,8.15,7.31,7.17,7.49,6.72,7.41,7.43,7.8
2018-07-22,7.56,7.58,5.73,7.56,6.69,6.31,7.08,7.61,6.66,7.077142857142858,6.67,7.8,6.5,7.45,7.23,7.6,6.36,6.9,6.24,6.92,7.36,7.19,8.15,7.31,7.17,7.49,6.72,7.41,7.43,7.8
2018-07-29,7.56,7.58,5.73,7.56,6.69,6.31,7.08,7.61,6.66,7.077142857142858,6.67,7.8,6.5,7.45,7.23,7.6,6.36,6.9,6.24,6.92,7.36,7.19,8.15,7.31,7.17,7.49,6.72,7.41,7.43,7.8
2018-08-05,7.56,7.58,5.73,7.56,6.69,6.31,7.08,7.61,6.66,7.077142857142858,6.67,7.8,6.5,7.45,7.23,7.6,6.36,6.9,6.24,6.92,7.36,7.19,8.15,7.31,7.17,7.49,6.72,7.41,7.43,7.8
2018-08-12,7.56,7.58,5.73,7.56,6.69,6.31,7.08,7.61,6.66,7.077142857142858,6.67,7.8,6.5,7.45,7.23,7.6,6.36,6.9,6.24,6.92,7.36,7.19,8.15,7.31,7.17,7.49,6.72,7.41,7.43,7.8
2018-08-19,7.56,7.58,5.73,7.56,6.69,6.31,7.08,7.61,6.66,7.077142857142858,6.67,7.8,6.5,7.45,7.23,7.6,6.36,6.9,6.24,6.92,7.36,7.19,8.15,7.31,7.17,7.49,6.72,7.41,7.43,7.8
2018-08-26,7.56,7.58,5.73,7.56,6.69,6.31,7.08,7.61,6.66,7.077142857142858,6.67,7.8,6.5,7.45,7.23,7.6,6.36,6.9,6.24,6.92,7.36,7.19,8.15,7.31,7.17,7.49,6.72,7.41,7.43,7.8
2018-09-02,7.56,7.58,5.73,7.56,6.69,6.31,7.08,7.61,6.66,7.077142857142858,6.67,7.8,6.5,7.45,7.23,7.6,6.36,6.9,6.24,6.92,7.36,7.19,8.15,7.31,7.17,7.49,6.72,7.41,7.43,7.8
2018-09-09,7.56,7.58,5.73,7.56,6.69,6.31,7.08,7.61,6.66,7.077142857142858,6.67,7.8,6.5,7.45,7.23,7.6,6.36,6.9,6.24,6.92,7.36,7.19,8.15,7.31,7.17,7.49,6.72,7.41,7.43,7.8
2018-09-16,7.56,7.58,5.73,7.56,6.69,6.31,7.08,7.61,6.66,7.077142857142858,6.67,7.8,6.5,7.45,7.23,7.6,6.36,6.9,6.24,6.92,7.36,7.19,8.15,7.31,7.17,7.49,6.72,7.41,7.43,7.8
2018-09-23,7.56,7.58,5.73,7.56,6.69,6.31,7.08,7.61,6.66,7.077142857142858,6.67,7.8,6.5,7.45,7.23,7.6,6.36,6.9,6.24,6.92,7.36,7.19,8.15,7.31,7.17,7.49,6.72,7.41,7.43,7.8
2018-09-30,7.56,7.58,5.73,7.56,6.69,6.69,7.08,7.61,6.98,7.077142857142858,7.11,7.8,6.5,7.45,7.23,7.6,6.36,6.9,6.24,6.92,7.36,7.19,8.15,7.31,7.17,7.52,6.72,7.41,7.43,7.8
2018-10-07,7.56,7.58,5.73,7.56,6.69,6.69,7.08,7.61,6.98,7.077142857142858,7.11,7.8,6.5,7.45,7.23,7.6,6.36,6.9,6.24,6.92,7.36,7.19,8.15,7.31,7.17,7.52,6.72,7.41,7.43,7.8
2018-10-14,7.56,7.58,5.73,7.56,6.69,6.69,7.08,7.61,6.98,7.077142857142858,7.11,7.8,6.5,7.45,7.23,7.6,6.36,6.9,6.24,6.92,7.36,7.19,8.15,7.31,7.17,7.52,6.72,7.41,7.43,7.8
2018-10-21,7.56,7.58,5.73,7.56,6.69,6.69,7.08,7.61,6.98,7.077142857142858,7.11,7.8,6.5,7.45,7.23,7.6,6.36,6.9,6.24,6.92,7.36,7.19,8.15,7.31,7.17,7.52,6.72,7.41,7.43,7.8
2018-10-28,7.56,7.58,5.73,7.56,6.69,6.69,7.08,7.61,6.98,7.077142857142858,7.11,7.8,6.5,7.45,7.23,7.6,6.36,6.9,6.24,6.92,7.36,7.19,8.15,7.31,7.17,7.52,6.72,7.41,7.43,7.8
2018-11-04,7.56,7.58,5.73,7.56,6.69,6.69,7.08,7.61,6.98,7.077142857142858,7.11,7.73,6.5,7.45,7.23,7.6,6.36,6.9,6.24,6.92,7.36,7.19,8.15,7.31,7.17,7.52,6.72,7.41,7.43,7.8
2018-11-11,7.56,7.58,5.73,7.56,6.69,6.69,7.08,7.61,6.98,7.077142857142858,7.11,7.73,6.5,7.45,7.23,7.6,6.36,6.9,6.24,6.92,7.36,7.19,8.15,7.31,7.17,7.52,6.72,7.41,7.43,7.8
2018-11-18,7.56,7.58,5.73,7.56,6.69,6.69,7.08,7.61,6.98,7.077142857142858,7.11,7.73,6.5,7.45,7.23,7.6,6.36,6.9,6.24,6.92,7.36,7.19,8.15,7.31,7.17,7.52,6.72,7.41,7.43,7.8
2018-11-25,7.56,7.58,5.73,7.56,6.69,6.69,7.08,7.61,6.98,7.077142857142858,7.11,7.73,6.5,7.45,7.23,7.6,6.36,6.9,6.24,6.92,7.36,7.19,8.15,7.31,7.17,7.52,6.72,7.41,7.43,7.8
2018-12-02,7.56,7.58,5.73,7.56,6.69,6.69,7.08,7.61,6.98,7.077142857142858,7.11,7.73,6.5,7.45,7.23,7.6,6.36,6.9,6.24,6.92,7.36,7.19,8.15,7.31,7.17,7.52,6.72,7.41,7.43,7.8
2018-12-09,7.56,7.58,5.73,7.56,6.69,6.69,7.08,7.61,6.98,7.077142857142858,7.11,7.73,6.5,7.45,7.23,7.6,6.36,6.9,6.24,6.92,7.36,7.19,8.15,7.31,7.17,7.52,6.72,7.41,7.43,7.8
2018-12-16,7.56,7.58,5.73,7.56,6.69,6.69,7.08,7.61,6.98,7.077142857142858,7.11,7.73,6.5,7.45,7.23,7.6,6.36,6.9,6.24,6.92,7.36,7.19,8.15,7.31,7.17,7.52,6.72,7.41,7.43,7.8
2018-12-23,7.56,7.58,5.73,7.56,6.69,6.69,7.08,7.61,6.98,7.077142857142858,7.11,7.73,6.5,7.45,7.23,7.6,6.36,6.9,6.24,6.92,7.36,7.19,8.15,7.31,7.17,7.52,6.72,7.41,7.43,7.8
2018-12-30,7.56,7.58,5.73,7.56,6.69,6.69,7.08,7.61,6.98,7.077142857142858,7.11,7.73,6.5,7.45,7.23,7.6,6.36,6.9,6.24,6.92,7.36,7.19,8.15,7.31,7.17,7.52,6.72,7.41,7.43,7.8
2019-01-06,7.56,7.66,7.7,7.49,6.26,6.69,7.08,7.81,6.98,7.077142857142858,7.11,7.73,7.24,7.22,7.56,7.37,6.24,6.79,6.14,6.9,7.52,7.04,8.15,7.31,7.17,7.52,7.08,7.39,7.43,7.8
2019-01-13,7.56,7.66,7.7,7.49,6.26,6.69,7.08,7.81,6.98,7.077142857142858,7.11,7.73,7.24,7.22,7.56,7.37,6.24,6.79,6.14,6.9,7.52,7.04,8.15,7.31,7.17,7.52,7.08,7.39,7.43,7.8
2019-01-20,7.56,7.66,7.7,7.49,6.26,6.69,7.08,7.81,6.98,7.077142857142858,7.11,7.73,7.24,7.22,7.56,7.37,6.24,6.79,6.14,6.9,7.52,7.04,8.15,7.31,7.17,7.52,7.08,7.39,7.43,7.8
2019-01-27,7.56,7.66,7.7,7.49,6.26,6.69,7.08,7.81,6.98,7.077142857142858,7.11,7.73,7.24,7.22,7.56,7.37,6.24,6.79,6.14,6.9,7.52,7.04,8.15,7.31,7.17,7.52,7.08,7.39,7.43,7.8
2019-02-03,7.56,7.66,7.7,7.49,6.26,6.69,7.08,7.81,6.98,7.077142857142858,7.11,7.73,7.24,7.22,7.56,7.37,6.24,6.79,6.14,6.9,7.52,7.04,8.15,7.31,7.17,7.52,7.08,7.39,7.43,8.15
2019-02-10,7.56,7.66,7.7,7.49,6.26,6.69,7.08,7.81,6.98,7.077142857142858,7.11,7.73,7.24,7.22,7.56,7.37,6.24,6.79,6.14,6.9,7.52,7.04,8.15,7.31,7.17,7.52,7.08,7.39,7.43,8.15
2019-02-17,7.56,7.66,7.7,7.49,6.26,6.69,7.08,7.81,6.98,7.077142857142858,7.11,7.73,7.24,7.22,7.56,7.37,6.24,6.79,6.14,6.9,7.52,7.04,8.15,7.31,7.17,7.52,7.08,7.39,7.43,8.15
2019-02-24,7.56,7.66,7.7,7.49,6.26,6.69,7.08,7.81,6.98,7.077142857142858,7.11,7.73,7.24,7.22,7.56,7.37,6.24,6.79,6.14,6.9,7.52,7.04,8.15,7.31,7.17,7.52,7.08,7.39,7.43,8.15
2019-03-03,7.56,7.66,7.7,7.49,6.26,6.69,7.08,7.81,6.98,7.077142857142858,7.11,7.73,7.24,7.22,7.56,7.37,6.24,6.79,6.14,6.9,7.52,7.04,8.15,7.31,7.17,7.52,7.08,7.39,7.43,8.15
2019-03-10,7.56,7.66,7.7,7.49,6.26,6.69,7.08,7.81,6.98,7.077142857142858,7.11,7.73,7.24,7.22,7.56,7.37,6.24,6.79,6.14,6.9,7.52,7.04,8.15,7.31,7.17,7.52,7.08,7.39,7.43,8.15
2019-03-17,7.56,7.66,7.7,7.49,6.26,6.69,7.08,7.81,6.98,7.077142857142858,7.11,7.73,7.24,7.22,7.56,7.37,6.24,6.79,6.14,6.9,7.52,7.04,8.15,7.31,7.17,7.52,7.08,7.39,7.43,8.15
2019-03-24,7.56,7.66,7.7,7.49,6.26,6.69,7.08,7.81,6.98,7.077142857142858,7.11,7.73,7.24,7.22,7.56,7.37,6.24,6.79,6.14,6.9,7.52,7.04,8.15,7.31,7.17,7.52,7.08,7.39,7.43,8.15
2019-03-31,7.56,7.66,7.7,7.49,6.26,6.69,7.08,7.81,6.98,7.077142857142858,7.11,7.73,7.24,7.22,7.56,7.37,6.24,6.79,6.14,6.9,7.52,7.04,8.15,7.31,7.17,7.52,7.08,7.39,7.43,8.15
2019-04-07,7.56,7.66,7.7,7.49,6.26,6.69,7.08,7.81,6.98,7.077142857142858,7.11,7.73,7.24,7.22,7.56,7.37,6.24,6.79,6.14,6.9,7.52,7.04,8.15,7.31,7.17,7.52,7.08,7.39,7.43,8.15
2019-04-14,7.56,7.66,7.7,7.49,6.26,6.69,7.08,7.81,6.98,7.077142857142858,7.11,7.73,7.24,7.22,7.56,7.37,6.24,6.79,6.14,6.9,7.52,7.04,8.15,7.31,7.17,7.52,7.08,7.39,7.43,8.15
2019-04-21,7.56,7.66,7.7,7.49,6.26,6.69,7.08,7.81,6.98,7.077142857142858,7.11,7.73,7.24,7.22,7.56,7.37,6.24,6.79,6.14,6.9,7.52,7.04,8.15,7.31,7.17,7.52,7.08,7.39,7.43,8.15
2019-04-28,7.56,7.66,7.7,7.49,6.26,6.69,7.08,7.81,6.98,7.077142857142858,7.11,7.73,7.24,7.22,7.56,7.37,6.24,6.79,6.14,6.9,7.52,7.04,8.15,7.31,7.17,7.52,7.08,7.39,7.43,8.15
2019-05-05,7.56,7.66,7.7,7.49,6.26,6.69,7.2,7.81,6.98,7.077142857142858,7.11,7.73,7.24,7.22,7.56,7.37,6.24,6.79,6.14,6.9,7.52,7.04,8.15,7.09,7.17,7.52,7.08,7.39,7.43,8.15
2019-05-12,7.56,7.66,7.7,7.49,6.26,6.69,7.2,7.81,6.98,7.077142857142858,7.11,7.73,7.24,7.22,7.56,7.37,6.24,6.79,6.14,6.9,7.52,7.04,8.15,7.09,7.17,7.52,7.08,7.39,7.43,8.15
2019-05-19,7.56,7.66,7.7,7.49,6.26,6.69,7.2,7.81,6.98,7.077142857142858,7.11,7.73,7.24,7.22,7.56,7.37,6.24,6.79,6.14,6.9,7.52,7.04,8.15,7.09,7.17,7.52,7.08,7.39,7.43,8.15
2019-05-26,7.56,7.66,7.7,7.49,6.26,6.69,7.2,7.81,6.98,7.077142857142858,7.11,7.73,7.24,7.22,7.56,7.37,6.24,6.79,6.14,6.9,7.52,7.04,8.15,7.09,7.17,7.52,7.08,7.39,7.43,8.15
2019-06-02,7.42,7.66,7.7,7.49,6.26,6.69,7.2,7.81,6.98,7.077142857142858,7.11,7.73,7.24,7.22,7.56,7.37,6.24,6.79,6.14,6.9,7.52,7.04,7.91,7.09,7.53,7.52,7.08,7.39,7.43,8.15
2019-06-09,7.42,7.66,7.7,7.49,6.26,6.69,7.2,7.81,6.98,7.077142857142858,7.11,7.73,7.24,7.22,7.56,7.37,6.24,6.79,6.14,6.9,7.52,7.04,7.91,7.09,7.53,7.52,7.08,7.39,7.43,8.15
2019-06-16,7.42,7.66,7.7,7.49,6.26,6.69,7.2,7.81,6.98,7.077142857142858,7.11,7.73,7.24,7.22,7.56,7.37,6.24,6.79,6.14,6.9,7.52,7.04,7.91,7.09,7.53,7.52,7.08,7.39,7.43,8.15
2019-06-23,7.42,7.66,7.7,7.49,6.26,6.69,7.2,7.81,6.98,7.077142857142858,7.11,7.73,7.24,7.22,7.56,7.37,6.24,6.79,6.14,6.9,7.52,7.04,7.91,7.09,7.53,7.52,7.08,7.39,7.43,8.15
2019-06-30,7.42,7.66,7.7,7.49,6.26,6.69,7.2,7.81,6.98,7.077142857142858,7.11,7.73,7.24,7.22,7.56,7.37,6.24,6.79,6.14,6.9,7.52,7.04,7.91,7.09,7.53,7.52,7.08,7.39,7.43,8.15
2019-07-07,7.42,7.66,7.7,7.49,6.26,6.69,7.2,7.81,6.98,7.077142857142858,7.11,7.73,7.24,7.22,7.56,7.37,6.24,6.79,6.14,6.9,7.52,7.04,7.91,7.09,7.53,7.52,7.08,7.39,7.43,8.15
2019-07-14,7.42,7.66,7.7,7.49,6.26,6.69,7.2,7.81,6.98,7.077142857142858,7.11,7.73,7.24,7.22,7.56,7.37,6.24,6.79,6.14,6.9,7.52,7.04,7.91,7.09,7.53,7.52,7.08,7.39,7.43,8.15
2019-07-21,7.42,7.66,7.7,7.49,6.26,6.69,7.2,7.81,6.98,7.077142857142858,7.11,7.73,7.24,7.22,7.56,7.37,6.24,6.79,6.14,6.9,7.52,7.04,7.91,7.09,7.53,7.52,7.08,7.39,7.43,8.15
2019-07-28,7.42,7.66,7.7,7.49,6.26,6.69,7.2,7.81,6.98,7.077142857142858,7.11,7.73,7.24,7.22,7.56,7.37,6.24,6.79,6.14,6.9,7.52,7.04,7.91,7.09,7.53,7.52,7.08,7.39,7.43,8.15
2019-08-04,7.42,7.66,7.7,7.49,6.26,6.69,7.2,7.81,6.98,7.077142857142858,7.11,7.73,7.24,7.22,7.56,7.37,6.24,6.79,6.14,6.9,7.52,7.04,7.91,7.09,7.53,7.52,7.08,7.39,7.66,8.15
2019-08-11,7.42,7.66,7.7,7.49,6.26,6.69,7.2,7.81,6.98,7.077142857142858,7.11,7.73,7.24,7.22,7.56,7.37,6.24,6.79,6.14,6.9,7.52,7.04,7.91,7.09,7.53,7.52,7.08,7.39,7.66,8.15
2019-08-18,7.42,7.66,7.7,7.49,6.26,6.69,7.2,7.81,6.98,7.077142857142858,7.11,7.73,7.24,7.22,7.56,7.37,6.24,6.79,6.14,6.9,7.52,7.04,7.91,7.09,7.53,7.52,7.08,7.39,7.66,8.15
2019-08-25,7.42,7.66,7.7,7.49,6.26,6.69,7.2,7.81,6.98,7.077142857142858,7.11,7.73,7.24,7.22,7.56,7.37,6.24,6.79,6.14,6.9,7.52,7.04,7.91,7.09,7.53,7.52,7.08,7.39,7.66,8.15
2019-09-01,7.42,7.66,7.7,7.49,6.26,6.69,7.2,7.81,7.54,6.66,7.76,7.73,7.24,7.22,7.56,7.37,6.24,6.79,6.14,6.9,7.52,7.04,7.91,7.09,7.53,7.28,7.08,7.39,7.66,8.15
2019-09-08,7.42,7.66,7.7,7.49,6.26,6.69,7.2,7.81,7.54,6.66,7.76,7.73,7.24,7.22,7.56,7.37,6.24,6.79,6.14,6.9,7.52,7.04,7.91,7.09,7.53,7.28,7.08,7.39,7.66,8.15
2019-09-15,7.42,7.66,7.7,7.49,6.26,6.69,7.2,7.81,7.54,6.66,7.76,7.73,7.24,7.22,7.56,7.37,6.24,6.79,6.14,6.9,7.52,7.04,7.91,7.09,7.53,7.28,7.08,7.39,7.66,8.15
2019-09-22,7.42,7.66,7.7,7.49,6.26,6.69,7.2,7.81,7.54,6.66,7.76,7.73,7.24,7.22,7.56,7.37,6.24,6.79,6.14,6.9,7.52,7.04,7.91,7.09,7.53,7.28,7.08,7.39,7.66,8.15
2019-09-29,7.42,7.66,7.7,7.49,6.26,6.69,7.2,7.81,7.54,6.66,7.76,7.73,7.24,7.22,7.56,7.37,6.24,6.79,6.14,6.9,7.52,7.04,7.91,7.09,7.53,7.28,7.08,7.39,7.66,8.15
2019-10-06,7.42,7.66,7.7,7.49,6.26,6.62,7.2,7.81,7.54,6.66,7.76,7.73,7.24,7.22,7.56,7.37,6.24,6.79,6.14,6.9,7.52,7.04,7.91,7.09,7.53,7.28,7.08,7.39,7.66,8.15
2019-10-13,7.42,7.66,7.7,7.49,6.26,6.62,7.2,7.81,7.54,6.66,7.76,7.73,7.24,7.22,7.56,7.37,6.24,6.79,6.14,6.9,7.52,7.04,7.91,7.09,7.53,7.28,7.08,7.39,7.66,8.15
2019-10-20,7.42,7.66,7.7,7.49,6.26,6.62,7.2,7.81,7.54,6.66,7.76,7.73,7.24,7.22,7.56,7.37,6.24,6.79,6.14,6.9,7.52,7.04,7.91,7.09,7.53,7.28,7.08,7.39,7.66,8.15
2019-10-27,7.42,7.66,7.7,7.49,6.26,6.62,7.2,7.81,7.54,6.66,7.76,7.73,7.24,7.22,7.56,7.37,6.24,6.79,6.14,6.9,7.52,7.04,7.91,7.09,7.53,7.28,7.08,7.39,7.66,8.15
2019-11-03,7.42,7.66,7.7,7.49,6.26,6.62,7.2,7.81,7.54,6.66,7.76,7.86,7.24,7.22,7.56,7.37,6.24,6.79,6.14,6.9,7.52,7.04,7.91,7.09,7.53,7.28,7.08,7.39,7.66,8.15
2019-11-10,7.42,7.66,7.7,7.49,6.26,6.62,7.2,7.81,7.54,6.66,7.76,7.86,7.24,7.22,7.56,7.37,6.24,6.79,6.14,6.9,7.52,7.04,7.91,7.09,7.53,7.28,7.08,7.39,7.66,8.15
2019-11-17,7.42,7.66,7.7,7.49,6.26,6.62,7.2,7.81,7.54,6.66,7.76,7.86,7.24,7.22,7.56,7.37,6.24,6.79,6.14,6.9,7.52,7.04,7.91,7.09,7.53,7.28,7.08,7.39,7.66,8.15
2019-11-24,7.42,7.66,7.7,7.49,6.26,6.62,7.2,7.81,7.54,6.66,7.76,7.86,7.24,7.22,7.56,7.37,6.24,6.79,6.14,6.9,7.52,7.04,7.91,7.09,7.53,7.28,7.08,7.39,7.66,8.15
2019-12-01,7.42,7.66,7.7,7.49,6.26,6.62,7.2,7.81,7.54,6.66,7.76,7.86,7.24,7.22,7.56,7.37,6.24,6.79,6.14,6.9,7.52,7.04,7.91,7.09,7.53,7.28,7.08,7.39,7.66,8.15
2019-12-08,7.42,7.66,7.7,7.49,6.26,6.62,7.2,7.81,7.54,6.66,7.76,7.86,7.24,7.22,7.56,7.37,6.24,6.79,6.14,6.9,7.52,7.04,7.91,7.09,7.53,7.28,7.08,7.39,7.66,8.15
2019-12-15,7.42,7.66,7.7,7.49,6.26,6.62,7.2,7.81,7.54,6.66,7.76,7.86,7.24,7.22,7.56,7.37,6.24,6.79,6.14,6.9,7.52,7.04,7.91,7.09,7.53,7.28,7.08,7.39,7.66,8.15
2019-12-22,7.42,7.66,7.7,7.49,6.26,6.62,7.2,7.81,7.54,6.66,7.76,7.86,7.24,7.22,7.56,7.37,6.24,6.79,6.14,6.9,7.52,7.04,7.91,7.09,7.53,7.28,7.08,7.39,7.66,8.15
2019-12-29,7.42,7.66,7.7,7.49,6.26,6.62,7.2,7.81,7.54,6.66,7.76,7.86,7.24,7.22,7.56,7.37,6.24,6.79,6.14,6.9,7.52,7.04,7.91,7.09,7.53,7.28,7.08,7.39,7.66,8.15
2020-01-05,7.42,7.51,7.77,6.33,7.11,6.62,7.2,7.71,7.54,6.66,7.76,7.86,7.42,7.51,7.16,7.55,6.43,7.32,6.42,7.25,7.67,7.17,7.91,7.09,7.53,7.28,7.41,7.63,7.66,8.15
2020-01-12,7.42,7.51,7.77,6.33,7.11,6.62,7.2,7.71,7.54,6.66,7.76,7.86,7.42,7.51,7.16,7.55,6.43,7.32,6.42,7.25,7.67,7.17,7.91,7.09,7.53,7.28,7.41,7.63,7.66,8.15
2020-01-19,7.42,7.51,7.77,6.33,7.11,6.62,7.2,7.71,7.54,6.66,7.76,7.86,7.42,7.51,7.16,7.55,6.43,7.32,6.42,7.25,7.67,7.17,7.91,7.09,7.53,7.28,7.41,7.63,7.66,8.15
2020-01-26,7.42,7.51,7.77,6.33,7.11,6.62,7.2,7.71,7.54,6.66,7.76,7.86,7.42,7.51,7.16,7.55,6.43,7.32,6.42,7.25,7.67,7.17,7.91,7.09,7.53,7.28,7.41,7.63,7.66,8.15
2020-02-02,7.42,7.51,7.77,6.33,7.11,6.62,7.2,7.71,7.54,6.66,7.76,7.86,7.42,7.51,7.16,7.55,6.43,7.32,6.42,7.25,7.67,7.17,7.91,7.09,7.53,7.28,7.41,7.63,7.66,8.16
2020-02-09,7.42,7.51,7.77,6.33,7.11,6.62,7.2,7.71,7.54,6.66,7.76,7.86,7.42,7.51,7.16,7.55,6.43,7.32,6.42,7.25,7.67,7.17,7.91,7.09,7.53,7.28,7.41,7.63,7.66,8.16
2020-02-16,7.42,7.51,7.77,6.33,7.11,6.62,7.2,7.71,7.54,6.66,7.76,7.86,7.42,7.51,7.16,7.55,6.43,7.32,6.42,7.25,7.67,7.17,7.91,7.09,7.53,7.28,7.41,7.63,7.66,8.16
2020-02-23,7.42,7.51,7.77,6.33,7.11,6.62,7.2,7.71,7.54,6.66,7.76,7.86,7.42,7.51,7.16,7.55,6.43,7.32,6.42,7.25,7.67,7.17,7.91,7.09,7.53,7.28,7.41,7.63,7.66,8.16
2020-03-01,7.42,7.51,7.77,6.33,7.11,6.62,7.2,7.71,7.54,6.66,7.76,7.86,7.42,7.51,7.16,7.55,6.43,7.32,6.42,7.25,7.67,7.17,7.91,7.09,7.53,7.28,7.41,7.63,7.66,8.16
2020-03-08,7.42,7.51,7.77,6.33,7.11,6.62,7.2,7.71,7.54,6.66,7.76,7.86,7.42,7.51,7.16,7.55,6.43,7.32,6.42,7.25,7.67,7.17,7.91,7.09,7.53,7.28,7.41,7.63,7.66,8.16
2020-03-15,7.42,7.51,7.77,6.33,7.11,6.62,7.2,7.71,7.54,6.66,7.76,7.86,7.42,7.51,7.16,7.55,6.43,7.32,6.42,7.25,7.67,7.17,7.91,7.09,7.53,7.28,7.41,7.63,7.66,8.16
2020-03-22,7.42,7.51,7.77,6.33,7.11,6.62,7.2,7.71,7.54,6.66,7.76,7.86,7.42,7.51,7.16,7.55,6.43,7.32,6.42,7.25,7.67,7.17,7.91,7.09,7.53,7.28,7.41,7.63,7.66,8.16
2020-03-29,7.42,7.51,7.77,6.33,7.11,6.62,7.2,7.71,7.54,6.66,7.76,7.86,7.42,7.51,7.16,7.55,6.43,7.32,6.42,7.25,7.67,7.17,7.91,7.09,7.53,7.28,7.41,7.63,7.66,8.16
2020-04-05,7.42,7.51,7.77,6.33,7.11,6.62,7.2,7.71,7.54,6.66,7.76,7.86,7.42,7.51,7.16,7.55,6.43,7.32,6.42,7.25,7.67,7.17,7.91,7.09,7.53,7.28,7.41,7.63,7.66,8.16
2020-04-12,7.42,7.51,7.77,6.33,7.11,6.62,7.2,7.71,7.54,6.66,7.76,7.86,7.42,7.51,7.16,7.55,6.43,7.32,6.42,7.25,7.67,7.17,7.91,7.09,7.53,7.28,7.41,7.63,7.66,8.16
2020-04-19,7.42,7.51,7.77,6.33,7.11,6.62,7.2,7.71,7.54,6.66,7.76,7.86,7.42,7.51,7.16,7.55,6.43,7.32,6.42,7.25,7.67,7.17,7.91,7.09,7.53,7.28,7.41,7.63,7.66,8.16
2020-04-26,7.42,7.51,7.77,6.33,7.11,6.62,7.2,7.71,7.54,6.66,7.76,7.86,7.42,7.51,7.16,7.55,6.43,7.32,6.42,7.25,7.67,7.17,7.91,7.09,7.53,7.28,7.41,7.63,7.66,8.16
2020-05-03,7.42,7.51,7.77,6.33,7.11,6.62,7.17,7.71,7.54,6.66,7.76,7.86,7.42,7.51,7.16,7.55,6.43,7.32,6.42,7.25,7.67,7.17,7.91,7.09,7.53,7.28,7.41,7.63,7.66,8.16
2020-05-10,7.42,7.51,7.77,6.33,7.11,6.62,7.17,7.71,7.54,6.66,7.76,7.86,7.42,7.51,7.16,7.55,6.43,7.32,6.42,7.25,7.67,7.17,7.91,7.09,7.53,7.28,7.41,7.63,7.66,8.16
2020-05-17,7.42,7.51,7.77,6.33,7.11,6.62,7.17,7.71,7.54,6.66,7.76,7.86,7.42,7.51,7.16,7.55,6.43,7.32,6.42,7.25,7.67,7.17,7.91,7.09,7.53,7.28,7.41,7.63,7.66,8.16
2020-05-24,7.42,7.51,7.77,6.33,7.11,6.62,7.17,7.71,7.54,6.66,7.76,7.86,7.42,7.51,7.16,7.55,6.43,7.32,6.42,7.25,7.67,7.17,7.91,7.09,7.53,7.28,7.41,7.63,7.66,8.16
2020-05-31,7.16,7.51,7.77,6.33,7.11,6.62,7.17,7.71,7.54,6.66,7.76,7.86,7.42,7.51,7.16,7.55,6.43,7.32,6.42,7.25,7.67,7.17,8.33,7.36,7.4,7.28,7.41,7.63,7.66,8.16
2020-06-07,7.16,7.51,7.77,6.33,7.11,6.62,7.17,7.71,7.54,6.66,7.76,7.86,7.42,7.51,7.16,7.55,6.43,7.32,6.42,7.25,7.67,7.17,8.33,7.36,7.4,7.28,7.41,7.63,7.66,8.16
2020-06-14,7.16,7.51,7.77,6.33,7.11,6.62,7.17,7.71,7.54,6.66,7.76,7.86,7.42,7.51,7.16,7.55,6.43,7.32,6.42,7.25,7.67,7.17,8.33,7.36,7.4,7.28,7.41,7.63,7.66,8.16
2020-06-21,7.16,7.51,7.77,6.33,7.11,6.62,7.17,7.71,7.54,6.66,7.76,7.86,7.42,7.51,7.16,7.55,6.43,7.32,6.42,7.25,7.67,7.17,8.33,7.36,7.4,7.28,7.41,7.63,7.66,8.16
2020-06-28,7.16,7.51,7.77,6.33,7.11,6.62,7.17,7.71,7.54,6.66,7.76,7.86,7.42,7.51,7.16,7.55,6.43,7.32,6.42,7.25,7.67,7.17,8.33,7.36,7.4,7.28,7.41,7.63,7.66,8.16
2020-07-05,7.16,7.51,7.77,6.33,7.11,6.62,7.17,7.71,7.54,6.66,7.76,7.86,7.42,7.51,7.16,7.55,6.43,7.32,6.42,7.25,7.67,7.17,8.33,7.36,7.4,7.28,7.41,7.63,7.66,8.16
2020-07-12,7.16,7.51,7.77,6.33,7.11,6.62,7.17,7.71,7.54,6.66,7.76,7.86,7.42,7.51,7.16,7.55,6.43,7.32,6.42,7.25,7.67,7.17,8.33,7.36,7.4,7.28,7.41,7.63,7.66,8.16
2020-07-19,7.16,7.51,7.77,6.33,7.11,6.62,7.17,7.71,7.54,6.66,7.76,7.86,7.42,7.51,7.16,7.55,6.43,7.32,6.42,7.25,7.67,7.17,8.33,7.36,7.4,7.28,7.41,7.63,7.66,8.16
2020-07-26,7.16,7.51,7.77,6.33,7.11,6.62,7.17,7.71,7.54,6.66,7.76,7.86,7.42,7.51,7.16,7.55,6.43,7.32,6.42,7.25,7.67,7.17,8.33,7.36,7.4,7.28,7.41,7.63,7.66,8.16
2020-08-02,7.16,7.51,7.77,6.33,7.11,6.62,7.17,7.71,7.54,6.66,7.76,7.86,7.42,7.51,7.16,7.55,6.43,7.32,6.42,7.25,7.67,7.17,8.33,7.36,7.4,7.28,7.41,7.63,6.69,8.16
2020-08-09,7.16,7.51,7.77,6.33,7.11,6.62,7.17,7.71,7.54,6.66,7.76,7.86,7.42,7.51,7.16,7.55,6.43,7.32,6.42,7.25,7.67,7.17,8.33,7.36,7.4,7.28,7.41,7.63,6.69,8.16
2020-08-16,7.16,7.51,7.77,6.33,7.11,6.62,7.17,7.71,7.54,6.66,7.76,7.86,7.42,7.51,7.16,7.55,6.43,7.32,6.42,7.25,7.67,7.17,8.33,7.36,7.4,7.28,7.41,7.63,6.69,8.16
2020-08-23,7.16,7.51,7.77,6.33,7.11,6.62,7.17,7.71,7.54,6.66,7.76,7.86,7.42,7.51,7.16,7.55,6.43,7.32,6.42,7.25,7.67,7.17,8.33,7.36,7.4,7.28,7.41,7.63,6.69,8.16
2020-08-30,7.16,7.51,7.77,6.33,7.11,6.62,7.17,7.71,7.54,6.66,7.76,7.86,7.42,7.51,7.16,7.55,6.43,7.32,6.42,7.25,7.67,7.17,8.33,7.36,7.4,7.28,7.41,7.63,6.69,8.16
2020-09-06,7.16,7.51,7.77,6.33,7.11,6.62,7.17,7.71,7.54,7.39,7.85,7.86,7.42,7.51,7.16,7.55,6.43,7.32,6.42,7.25,7.67,7.17,8.33,7.36,7.4,6.01,7.41,7.63,6.69,8.16
2020-09-13,7.16,7.51,7.77,6.33,7.11,6.62,7.17,7.71,7.54,7.39,7.85,7.86,7.42,7.51,7.16,7.55,6.43,7.32,6.42,7.25,7.67,7.17,8.33,7.36,7.4,6.01,7.41,7.63,6.69,8.16
2020-09-20,7.16,7.51,7.77,6.33,7.11,6.62,7.17,7.71,7.54,7.39,7.85,7.86,7.42,7.51,7.16,7.55,6.43,7.32,6.42,7.25,7.67,7.17,8.33,7.36,7.4,6.01,7.41,7.63,6.69,8.16
2020-09-27,7.16,7.51,7.77,6.33,7.11,6.62,7.17,7.71,7.54,7.39,7.85,7.86,7.42,7.51,7.16,7.55,6.43,7.32,6.42,7.25,7.67,7.17,8.33,7.36,7.4,6.01,7.41,7.63,6.69,8.16
2020-10-04,7.16,7.51,7.77,6.33,7.11,6.62,7.17,7.71,7.54,7.39,7.85,7.86,7.42,7.51,7.16,7.55,6.43,7.32,6.42,7.25,7.67,7.17,8.33,7.36,7.4,6.01,7.41,7.63,6.69,8.16
2020-10-11,7.16,7.51,7.77,6.33,7.11,6.62,7.17,7.71,7.54,7.39,7.85,7.86,7.42,7.51,7.16,7.55,6.43,7.32,6.42,7.25,7.67,7.17,8.33,7.36,7.4,6.01,7.41,7.63,6.69,8.16
2020-10-18,7.16,7.51,7.77,6.33,7.11,6.62,7.17,7.71,7.54,7.39,7.85,7.86,7.42,7.51,7.16,7.55,6.43,7.32,6.42,7.25,7.67,7.17,8.33,7.36,7.4,6.01,7.41,7.63,6.69,8.16
2020-10-25,7.16,7.51,7.77,6.33,7.11,6.62,7.17,7.71,7.54,7.39,7.85,7.86,7.42,7.51,7.16,7.55,6.43,7.32,6.42,7.25,7.67,7.17,8.33,7.36,7.4,6.01,7.41,7.63,6.69,8.16
2020-11-01,7.16,7.51,7.77,6.33,7.11,6.62,7.17,7.71,7.51,7.39,7.85,7.86,7.42,7.51,7.16,7.55,6.43,7.32,6.42,7.25,7.67,7.17,8.33,7.36,7.4,6.01,7.41,7.63,6.69,8.16
2020-11-08,7.16,7.51,7.77,6.33,7.11,6.62,7.17,7.71,7.51,7.39,7.85,7.86,7.42,7.51,7.16,7.55,6.43,7.32,6.42,7.25,7.67,7.17,8.33,7.36,7.4,6.01,7.41,7.63,6.69,8.16
2020-11-15,7.16,7.51,7.77,6.33,7.11,6.62,7.17,7.71,7.51,7.39,7.85,7.86,7.42,7.51,7.16,7.55,6.43,7.32,6.42,7.25,7.67,7.17,8.33,7.36,7.4,6.01,7.41,7.63,6.69,8.16
2020-11-22,7.16,7.51,7.77,6.33,7.11,6.62,7.17,7.71,7.51,7.39,7.85,7.86,7.42,7.51,7.16,7.55,6.43,7.32,6.42,7.25,7.67,7.17,8.33,7.36,7.4,6.01,7.41,7.63,6.69,8.16
2020-11-29,7.16,7.51,7.77,6.33,7.11,6.62,7.17,7.71,7.51,7.39,7.85,7.86,7.42,7.51,7.16,7.55,6.43,7.32,6.42,7.25,7.67,7.17,8.33,7.36,7.4,6.01,7.41,7.63,6.69,8.16
2020-12-06,7.16,7.51,7.77,6.33,7.11,6.62,7.17,7.71,7.51,7.39,7.85,7.86,7.42,7.51,7.16,7.55,6.43,7.32,6.42,7.25,7.67,7.17,8.33,7.36,7.4,6.01,7.41,7.63,6.69,8.16
2020-12-13,7.16,7.51,7.77,6.33,7.11,6.62,7.17,7.71,7.51,7.39,7.85,7.86,7.42,7.51,7.16,7.55,6.43,7.32,6.42,7.25,7.67,7.17,8.33,7.36,7.4,6.01,7.41,7.63,6.69,8.16
2020-12-20,7.16,7.51,7.77,6.33,7.11,6.62,7.17,7.71,7.51,7.39,7.85,7.86,7.42,7.51,7.16,7.55,6.43,7.32,6.42,7.25,7.67,7.17,8.33,7.36,7.4,6.01,7.41,7.63,6.69,8.16
2020-12-27,7.16,7.51,7.77,6.33,7.11,6.62,7.17,7.71,7.51,7.39,7.85,7.86,7.42,7.51,7.16,7.55,6.43,7.32,6.42,7.25,7.67,7.17,8.33,7.36,7.4,6.01,7.41,7.63,6.69,8.16
2021-01-03,7.16,7.11,7.73,7.15,7.06,6.62,7.17,7.59,7.51,7.39,7.85,7.86,7.46,6.65,6.82,7.55,7.01,7.34,6.19,7.0,7.81,7.13,8.33,7.36,7.4,6.01,7.72,7.3,6.69,8.16
2021-01-10,7.16,7.11,7.73,7.15,7.06,6.62,7.17,7.59,7.51,7.39,7.85,7.86,7.46,6.65,6.82,7.55,7.01,7.34,6.19,7.0,7.81,7.13,8.33,7.36,7.4,6.01,7.72,7.3,6.69,8.16
2021-01-17,7.16,7.11,7.73,7.15,7.06,6.62,7.17,7.59,7.51,7.39,7.85,7.86,7.46,6.65,6.82,7.55,7.01,7.34,6.19,7.0,7.81,7.13,8.33,7.36,7.4,6.01,7.72,7.3,6.69,8.16
2021-01-24,7.16,7.11,7.73,7.15,7.06,6.62,7.17,7.59,7.51,7.39,7.85,7.86,7.46,6.65,6.82,7.55,7.01,7.34,6.19,7.0,7.81,7.13,8.33,7.36,7.4,6.01,7.72,7.3,6.69,8.16
2021-01-31,7.16,7.11,7.73,7.15,7.06,6.62,7.17,7.59,7.51,7.39,7.85,7.86,7.46,6.65,6.82,7.55,7.01,7.34,6.19,7.0,7.81,7.13,8.33,7.36,7.4,6.01,7.72,7.3,6.69,8.16
2021-02-07,7.16,7.11,7.73,7.15,7.06,6.62,7.17,7.59,7.51,7.39,7.85,7.86,7.46,6.65,6.82,7.55,7.01,7.34,6.19,7.0,7.81,7.13,8.33,7.36,7.4,6.01,7.72,7.3,6.69,8.16
2021-02-14,7.16,7.11,7.73,7.15,7.06,6.62,7.17,7.59,7.51,7.39,7.85,7.86,7.46,6.65,6.82,7.55,7.01,7.34,6.19,7.0,7.81,7.13,8.33,7.36,7.4,6.01,7.72,7.3,6.69,8.16
2021-02-21,7.16,7.11,7.73,7.15,7.06,6.62,7.17,7.59,7.51,7.39,7.85,7.86,7.46,6.65,6.82,7.55,7.01,7.34,6.19,7.0,7.81,7.13,8.33,7.36,7.4,6.01,7.72,7.3,6.69,8.16
2021-02-28,7.16,7.11,7.73,7.15,7.06,6.62,7.17,7.59,7.51,7.39,7.85,7.86,7.46,6.65,6.82,7.12,7.01,7.34,6.19,7.0,7.81,7.13,8.33,7.36,7.4,6.01,7.72,7.3,6.69,8.16
2021-03-07,7.16,7.11,7.73,7.15,7.06,6.62,7.17,7.59,7.51,7.39,7.85,7.86,7.46,6.65,6.82,7.12,7.01,7.34,6.19,7.0,7.81,7.13,8.33,7.36,7.4,6.01,7.72,7.3,6.69,8.16
2021-03-14,7.16,7.11,7.73,7.15,7.06,6.62,7.17,7.59,7.51,7.39,7.85,7.86,7.46,6.65,6.82,7.12,7.01,7.34,6.19,7.0,7.81,7.13,8.33,7.36,7.4,6.01,7.72,7.3,6.69,8.16
2021-03-21,7.16,7.11,7.73,7.15,7.06,6.62,7.17,7.59,7.51,7.39,7.85,7.86,7.46,6.65,6.82,7.12,7.01,7.34,6.19,7.0,7.81,7.13,8.33,7.36,7.4,6.01,7.72,7.3,6.69,8.16
2021-03-28,7.16,7.11,7.73,7.15,7.06,6.62,7.17,7.59,7.51,7.39,7.85,7.86,7.46,6.65,6.82,7.12,7.01,7.34,6.19,7.0,7.81,7.13,8.33,7.36,7.4,6.01,7.72,7.3,6.69,8.16
2021-04-04,7.16,7.11,7.73,7.15,7.06,6.62,7.17,7.59,7.51,7.39,7.85,7.86,7.46,6.65,6.82,7.12,7.01,7.34,6.19,7.0,7.81,7.13,8.33,7.36,7.4,6.01,7.72,7.3,6.69,8.16
2021-04-11,7.16,7.11,7.73,7.15,7.06,6.62,7.17,7.59,7.51,7.39,7.85,7.86,7.46,6.65,6.82,7.12,7.01,7.34,6.19,7.0,7.81,7.13,8.33,7.36,7.4,6.01,7.72,7.3,6.69,8.16
2021-04-18,7.16,7.11,7.73,7.15,7.06,6.62,7.17,7.59,7.51,7.39,7.85,7.86,7.46,6.65,6.82,7.12,7.01,7.34,6.19,7.0,7.81,7.13,8.33,7.36,7.4,6.01,7.72,7.3,6.69,8.16
2021-04-25,7.16,7.11,7.73,7.15,7.06,6.62,7.17,7.59,7.51,7.39,7.85,7.86,7.46,6.65,6.82,7.12,7.01,7.34,6.19,7.0,7.81,7.13,8.33,7.36,7.4,6.01,7.72,7.3,6.69,8.16
2021-05-02,7.16,7.11,7.73,7.15,7.06,6.62,7.17,7.59,7.51,7.39,7.85,7.86,7.46,6.65,6.82,7.12,7.01,7.34,6.19,7.0,7.81,7.13,8.33,7.36,7.4,6.01,7.72,7.3,6.69,8.16
2021-05-09,7.16,7.11,7.73,7.15,7.06,6.62,7.17,7.59,7.51,7.39,7.85,7.86,7.46,6.65,6.82,7.12,7.01,7.34,6.19,7.0,7.81,7.13,8.33,7.36,7.4,6.01,7.72,7.3,6.69,8.16
2021-05-16,7.16,7.11,7.73,7.15,7.06,6.62,7.17,7.59,7.51,7.39,7.85,7.86,7.46,6.65,6.82,7.12,7.01,7.34,6.19,7.0,7.81,7.13,8.33,7.36,7.4,6.01,7.72,7.3,6.69,8.16
2021-05-23,7.16,7.11,7.73,7.15,7.06,6.62,7.17,7.59,7.51,7.39,7.85,7.86,7.46,6.65,6.82,7.12,7.01,7.34,6.19,7.0,7.81,7.13,8.33,7.36,7.4,6.01,7.72,7.3,6.69,8.16
2021-05-30,7.16,7.11,7.73,7.15,7.06,6.62,7.17,7.59,7.51,7.39,7.85,7.86,7.46,6.65,6.82,7.12,7.01,7.34,6.19,7.0,7.81,7.13,8.33,7.36,7.4,6.01,7.72,7.3,6.69,8.16
2021-06-06,7.16,7.11,7.73,7.15,7.06,6.62,7.17,7.59,7.51,7.39,7.85,7.86,7.46,6.65,6.82,7.12,7.01,7.34,6.19,7.0,7.81,7.13,8.33,7.36,7.4,6.01,7.72,7.3,6.69,8.16
2021-06-13,7.16,7.11,7.73,7.15,7.06,6.62,7.17,7.59,7.51,7.39,7.85,7.86,7.46,6.65,6.82,7.12,7.01,7.34,6.19,7.0,7.81,7.13,8.33,7.36,7.4,6.01,7.72,7.3,6.69,8.16
2021-06-20,7.16,7.11,7.73,7.15,7.06,6.62,7.17,7.59,7.51,7.39,7.85,7.86,7.46,6.65,6.82,7.12,7.01,7.34,6.19,7.0,7.81,7.13,8.33,7.36,7.4,6.01,7.72,7.3,6.69,8.16
2021-06-27,7.16,7.11,7.73,7.15,7.06,6.62,7.17,7.59,7.51,7.39,7.85,7.86,7.46,6.65,6.82,7.12,7.01,7.34,6.19,7.0,7.81,7.13,8.33,7.36,7.4,6.01,7.72,7.3,6.69,8.16
2021-07-04,7.16,7.11,7.73,7.15,7.06,6.62,7.17,7.59,7.51,7.39,7.85,7.86,7.46,6.65,6.82,7.12,7.01,7.34,6.19,7.0,7.81,7.13,8.33,7.36,7.4,6.01,7.72,7.3,6.69,8.16
2021-07-11,7.16,7.11,7.73,7.15,7.06,6.62,7.17,7.59,7.51,7.39,7.85,7.86,7.46,6.65,6.82,7.12,7.01,7.34,6.19,7.0,7.81,7.13,8.33,7.36,7.4,6.01,7.72,7.3,6.69,8.16
2021-07-18,7.16,7.11,7.73,7.15,7.06,6.62,7.17,7.59,7.51,7.39,7.85,7.86,7.46,6.65,6.82,7.12,7.01,7.34,6.19,7.0,7.81,7.13,8.33,7.36,7.4,6.01,7.72,7.3,6.69,8.16
2021-07-25,7.16,7.11,7.73,7.15,7.06,6.62,7.17,7.59,7.51,7.39,7.85,7.86,7.46,6.65,6.82,7.12,7.01,7.34,6.19,7.0,7.81,7.13,8.33,7.36,7.4,6.01,7.72,7.3,6.69,8.16
2021-08-01,7.16,7.11,7.73,7.15,7.06,6.62,7.17,7.59,7.51,7.39,7.85,7.86,7.46,6.65,6.82,7.12,7.01,7.34,6.19,7.0,7.81,7.13,8.33,7.36,7.4,6.01,7.72,7.3,6.69,8.16
2021-08-08,7.16,7.11,7.73,7.15,7.06,6.62,7.17,7.59,7.51,7.39,7.85,7.86,7.46,6.65,6.82,7.12,7.01,7.34,6.19,7.0,7.81,7.13,8.33,7.36,7.4,6.01,7.72,7.3,6.69,8.16
2021-08-15,7.16,7.11,7.73,7.15,7.06,6.62,7.17,7.59,7.51,7.39,7.85,7.86,7.46,6.65,6.82,7.12,7.01,7.34,6.19,7.0,7.81,7.13,8.33,7.36,7.4,6.01,7.72,7.3,6.69,8.16
2021-08-22,7.16,7.11,7.73,7.15,7.06,6.62,7.17,7.59,7.51,7.39,7.85,7.86,7.46,6.65,6.82,7.12,7.01,7.34,6.19,7.0,7.81,7.13,8.33,7.36,7.4,6.01,7.72,7.3,6.69,8.16
2021-08-29,7.16,7.11,7.73,7.15,7.06,6.62,7.17,7.59,7.51,7.39,7.85,7.86,7.46,6.65,6.82,7.12,7.01,7.34,6.19,7.0,7.81,7.13,8.33,7.36,7.4,6.01,7.72,7.3,6.69,8.16
2021-09-05,7.16,7.11,7.73,7.15,7.06,6.62,7.17,7.59,7.51,7.39,7.85,7.86,7.46,6.65,6.82,7.12,7.01,7.34,6.19,7.0,7.81,7.13,8.33,7.36,7.4,6.01,7.72,7.3,6.69,8.16
2021-09-12,7.16,7.11,7.73,7.15,7.06,6.62,7.17,7.59,7.51,7.39,7.85,7.86,7.46,6.65,6.82,7.12,7.01,7.34,6.19,7.0,7.81,7.13,8.33,7.36,7.4,6.01,7.72,7.3,6.69,8.16
2021-09-19,7.16,7.11,7.73,7.15,7.06,6.62,7.17,7.59,7.51,7.39,7.85,7.86,7.46,6.65,6.82,7.12,7.01,7.34,6.19,7.0,7.81,7.13,8.33,7.36,7.4,6.01,7.72,7.3,6.69,8.16
2021-09-26,7.16,7.11,7.73,7.15,7.06,6.62,7.17,7.59,7.51,7.39,7.85,7.86,7.46,6.65,6.82,7.12,7.01,7.34,6.19,7.0,7.81,7.13,8.33,7.36,7.4,6.01,7.72,7.3,6.69,8.16
2021-10-03,7.16,7.11,7.73,7.15,7.06,6.62,7.17,7.59,7.51,7.39,7.85,7.86,7.46,6.65,6.82,7.12,7.01,7.34,6.19,7.0,7.81,7.13,8.33,7.36,7.4,6.01,7.72,7.3,6.69,8.16
2021-10-10,7.16,7.11,7.73,7.15,7.06,6.62,7.17,7.59,7.51,7.39,7.85,7.86,7.46,6.65,6.82,7.12,7.01,7.34,6.19,7.0,7.81,7.13,8.33,7.36,7.4,6.01,7.72,7.3,6.69,8.16
2021-10-17,7.16,7.11,7.73,7.15,7.06,6.62,7.17,7.59,7.51,7.39,7.85,7.86,7.46,6.65,6.82,7.12,7.01,7.34,6.19,7.0,7.81,7.13,8.33,7.36,7.4,6.01,7.72,7.3,6.69,8.16
2021-10-24,7.16,7.11,7.73,7.15,7.06,6.62,7.17,7.59,7.51,7.39,7.85,7.86,7.46,6.65,6.82,7.12,7.01,7.34,6.19,7.0,7.81,7.13,8.33,7.36,7.4,6.01,7.72,7.3,6.69,8.16
2021-10-31,7.64304347826087,7.11,7.73,7.15,7.06,6.252753623188405,7.17,7.59,7.51,7.39,7.078260869565217,7.8826086956521735,7.46,6.65,6.82,7.12,7.01,7.34,6.19,7.0,7.81,7.13,8.33,7.36,7.4,7.024057971014492,7.72,7.3,6.69,8.16
2021-11-07,7.64304347826087,7.11,7.73,7.15,7.06,6.252753623188405,7.17,7.59,7.51,7.39,7.078260869565217,7.8826086956521735,7.46,6.65,6.82,7.12,7.01,7.34,6.19,7.0,7.81,7.13,8.33,7.36,7.4,7.024057971014492,7.72,7.3,6.69,8.16
2021-11-14,7.64304347826087,7.11,7.73,7.15,7.06,6.252753623188405,7.17,7.59,7.51,7.39,7.078260869565217,7.8826086956521735,7.46,6.65,6.82,7.12,7.01,7.34,6.19,7.0,7.81,7.13,8.33,7.36,7.4,7.024057971014492,7.72,7.3,6.69,8.16
2021-11-21,7.64304347826087,7.11,7.73,7.15,7.06,6.252753623188405,7.17,7.59,7.51,7.39,7.078260869565217,7.8826086956521735,7.46,6.65,6.82,7.12,7.01,7.34,6.19,7.0,7.81,7.13,8.33,7.36,7.4,7.024057971014492,7.72,7.3,6.69,8.16
2021-11-28,7.64304347826087,7.11,7.73,7.15,7.06,6.252753623188405,7.17,7.59,7.51,7.39,7.078260869565217,7.8826086956521735,7.46,6.65,6.82,7.12,7.01,7.34,6.19,7.0,7.81,7.13,8.33,7.36,7.4,7.024057971014492,7.72,7.3,6.69,8.16
2021-12-05,7.64304347826087,7.11,7.73,7.15,7.06,6.252753623188405,7.17,7.59,7.51,7.39,7.078260869565217,7.8826086956521735,7.46,6.65,6.82,7.12,7.01,7.34,6.19,7.0,7.81,7.13,8.33,7.36,7.4,7.024057971014492,7.72,7.3,6.69,8.16
2021-12-12,7.64304347826087,7.11,7.73,7.15,7.06,6.252753623188405,7.17,7.59,7.51,7.39,7.078260869565217,7.8826086956521735,7.46,6.65,6.82,7.12,7.01,7.34,6.19,7.0,7.81,7.13,8.33,7.36,7.4,7.024057971014492,7.72,7.3,6.69,8.16
2021-12-19,7.64304347826087,7.11,7.73,7.15,7.06,6.252753623188405,7.17,7.59,7.51,7.39,7.078260869565217,7.8826086956521735,7.46,6.65,6.82,7.12,7.01,7.34,6.19,7.0,7.81,7.13,8.33,7.36,7.4,7.024057971014492,7.72,7.3,6.69,8.16
2021-12-26,7.64304347826087,7.11,7.73,7.15,7.06,6.252753623188405,7.17,7.59,7.51,7.39,7.078260869565217,7.8826086956521735,7.46,6.65,6.82,7.12,7.01,7.34,6.19,7.0,7.81,7.13,8.33,7.36,7.4,7.024057971014492,7.72,7.3,6.69,8.16
