Date,UNH,GS,HD,MSFT,MCD,AMGN,CAT,MA,HON,CRM,TRV,JNJ,CVX,AXP,AAPL,MMM,PG,IBM,BA,JPM,WMT,NKE,DIS,MRK,DD,KO,T,CSCO,INTC,WBA
2016-01-31,-0.021081076992156556,-0.10359000472156543,-0.04907383095187701,-0.0070297287737334235,0.04774036461076925,-0.05913856658987082,-0.07270070692567221,-0.08372608703200801,-0.003572311158446473,-0.13188780313826964,-0.05156832196138483,0.016744258465779538,-0.03879501519676598,-0.2274028671095064,-0.07524237574654802,0.0023897679049063036,0.03767822577991864,-0.09322774725466199,-0.16916803488342036,-0.09284971297171685,0.08254470279716664,-0.007839890376841296,-0.08812324314307296,-0.04070413210479085,-0.18414933751557416,-0.0009312363430359349,0.06756532688325612,-0.11725401183278261,-0.09956436260022827,-0.0638799404815219
2016-02-29,0.034213264482574335,-0.07043997709141514,-0.013040582589992411,-0.06978900236098473,-0.046067477519778466,-0.061943756576560594,0.08772460767323098,-0.023699784229589294,-0.012338757839483572,-0.004554768876194437,0.004484374858735762,0.014673309790939948,-0.022801694512478488,0.03887878629217867,-0.00128764201447229,0.046380067633793765,-0.017137800608272857,0.06122791252797577,-0.007128804893282048,-0.05378147043561066,-0.00030126775286698493,-0.006773090201280585,-0.003130980196227484,-0.009078391195006197,0.15738119949326768,0.004893169824444765,0.024681128073261727,0.10046221743613093,-0.037703341419928704,-0.005137597675984207
2016-03-31,0.0867497453251338,0.04982277611645225,0.08091932946664504,0.08549531171213132,0.07244636406067118,0.053767620854253684,0.1305766660315697,0.08720655128434918,0.10557474781248799,0.08974172444361161,0.09150288694682551,0.028419330051990377,0.1433362776455014,0.10471399056506847,0.12721100621485792,0.0622171856193221,0.025158628088953083,0.15584245006070052,0.07412417868841992,0.05186486746877983,0.040051919508436784,0.0006248273747213595,0.03967767776004982,0.06299337537419714,0.0663395691326798,0.08397327837157742,0.06008122457202414,0.08747148067318333,0.09327447921541321,0.06713928671346414
2016-04-30,0.021567176328579185,0.045419744116870886,0.003447412499425484,-0.0970488607004526,0.006445235988706832,0.055825776764143686,0.025317239142651715,0.028420178097648297,0.01981253006991679,0.026682936094341247,-0.05834986192842062,0.0358595136265254,0.07106919555739011,0.07079422881683128,-0.13992125642924857,0.00450087520973752,-0.01863280504315501,-0.036381829390525144,0.061919072081132676,0.07510826120439584,-0.02365312788060292,-0.04115847062505251,0.03977435909963489,0.036476816699993586,0.03440807368127152,-0.03427476189130518,0.007401135610643594,-0.02559186021467097,-0.06398761446650014,-0.05887930842290656
2016-05-31,0.015112584698842912,-0.024229250161535987,-0.008110224034452052,0.0701963450658658,-0.035022590651144325,0.00435813938407259,-0.06703516313347435,-0.01123799514818502,0.0013374953849287774,0.10435350546508193,0.03858061984663541,0.012620760385855023,-0.001099497630916213,0.005043762911538963,0.07177282990283018,0.01231199608800937,0.011482378983533215,0.0747711029785254,-0.056535595951896944,0.0327532061446163,0.06622121332952768,-0.06311499798100018,-0.039124515908690594,0.025893499528464314,-0.02375962502828033,-0.004464072573470368,0.0085005812046004,0.05674800271507041,0.052274317072244836,-0.019221677385789282
2016-06-30,0.06114295385860169,-0.0683473966691085,-0.033529874065200915,-0.03452786396668728,-0.006844341789783659,-0.036720816738629036,0.045510449041056056,-0.08175194008524866,0.02187474596380934,-0.0513677633423949,0.04906420294398828,0.0764049203490833,0.0379212646321323,-0.07138307971439051,-0.04265958312495577,0.040399329760648195,0.04479305843099102,-0.012748728590804337,0.029488701589068134,-0.0479546699860387,0.031647141561154335,0.0025582499935004055,-0.014110092184283829,0.03235500685568349,-0.012974362228500125,0.024162084822297425,0.10370379171486732,-0.012392500027910036,0.03830326674607165,0.07583934878927345
2016-07-31,0.014164517008996791,0.06885186068459692,0.08262222427226629,0.10768002016710465,-0.02235340341350811,0.13066063519169568,0.10219325879251406,0.083869262920518,8.592796918849288e-05,0.03009695604369833,-0.023689576449211436,0.03239871666277505,-0.02241732852093925,0.0608952418367934,0.09006261773554947,0.018501569789059813,0.018787097770757377,0.058242043441109725,0.02918301455637695,0.037463468781888,-0.0006844660045407513,0.00543483371308584,-0.011991496258118794,0.018225977456318265,0.07966222915220622,-0.037502759221843096,0.01675739061420356,0.0738282888085986,0.06280492396744908,-0.04827652741018873
2016-08-31,-0.049930023596694184,0.07123410925611084,-0.024828090008316983,0.020079864587557505,-0.009274488568650985,-0.005704864356253947,-0.009787442338342833,0.014594377760140498,0.008428926141186732,-0.029095413129833103,0.021424980695494034,-0.04067612403286669,-0.008199027258448122,0.017375232264473572,0.023651957912681043,0.011195719062021992,0.020095546995982483,-0.0018932678697489713,-0.02347184783966716,0.055182197120622334,-0.014265681345015269,0.03855839797252103,-0.015528811208249116,0.07040549860808532,-0.0005587951839114425,-0.004584260531134365,-0.055671255076357506,0.02980669325049634,0.03735089162731686,0.023056198363844205
2016-09-30,0.03378489401600837,-0.0483297546341368,-0.040560833350616665,0.00243651388912558,-0.002593894904141192,-0.01911096428159953,0.08322167541101377,0.05319267373866143,-0.001028212025261599,-0.1018634666885948,-0.02959315320463274,-0.010138988145588224,0.023265202547946284,-0.02348288366599527,0.06550430900141735,-0.01679328775202149,0.02794671009118921,-0.00018879928673509738,0.01769023266436398,-0.0134815203178702,0.009518821542826572,-0.08151881222570778,-0.016938417499031133,0.0012367733852642893,-0.015587081242351086,-0.017596925827495058,-0.0066046904355220315,0.00890588583383689,0.05182499482458924,-0.0011149362079422298
2016-10-31,0.009500333333609445,0.10522727601635706,-0.05183398968695274,0.04027776997495369,-0.02418522784031063,-0.1537676729657702,-0.05151803513602604,0.05356469031783617,-0.05425501204867633,0.053694122146892065,-0.05560890611142877,-0.01811557114032958,0.017780733002726645,0.0423837520837429,0.004334271005105084,-0.06202103596933972,-0.025402375248603115,-0.0324833913607363,0.08114468521067897,0.047656996021774756,-0.02911838552680568,-0.04691365986981899,-0.001830822206552285,-0.059125219149502195,0.03820154696163147,0.0018902956620132638,-0.079402286988981,-0.0247935029843237,-0.07629138737261432,0.02617204687675745
2016-11-30,0.12467551864846005,0.23412075448281233,0.06620012308357293,0.012468191499136028,0.06775773513266103,0.027509051884948343,0.14497940086698113,-0.04503841017747223,0.044983279011339805,-0.04204368690980298,0.04779063104471959,-0.03380382556655903,0.07567398705011485,0.08461314248858898,-0.02160079589222086,0.045620533246323536,-0.049999943957446,0.06552147445995837,0.07342659845304911,0.15752238323012824,0.0058556112764833745,-0.0021921754357568934,0.06937126836648821,0.04206410671555583,0.035495396980329996,-0.040303794581025065,0.050013393654868565,-0.028031270001270592,0.0026594150942440553,0.028894266677602864
2016-12-31,0.010863923777826745,0.09193314484305004,0.036167151716480994,0.031198198582631065,0.020541687647845253,0.014853917200559952,-0.02951027255393346,0.01027391456796245,0.016763227350621746,-0.04916667938232422,0.08624713094149317,0.03513021326206034,0.055037475916111855,0.02831752450230618,0.04795500327914026,0.039769659888428954,0.01964578319223298,0.02323983514167227,0.034005970780973005,0.07633762427572277,-0.011576047645602272,0.01884151681906343,0.059556048306034226,-0.03053219375040772,0.04415267361218689,0.027509267620162037,0.10095797418213448,0.01341368345212457,0.0452447944450749,-0.02325035055845459
2017-01-31,0.012871852042585674,-0.042305242801573106,0.026103776340402174,0.040392541650286606,0.006983286305004777,0.07160918912595049,0.04004460711080027,0.031964957960608276,0.02132083334133461,0.15541921606688547,-0.037902255019213515,-0.01701237747372486,-0.05395074568054348,0.035444568131749676,0.04774664717974875,-0.02100036218412671,0.050121938442545755,0.05138825538288816,0.04971757456753467,-0.013810898505609459,-0.03443278983995679,0.04072407991340077,0.06169628275374728,0.05299812034172291,0.04211813111689966,0.0026534089352370227,0.006612232019199027,0.02527423145424068,0.0151639976251432,-0.009908016073958748
2017-02-28,0.020234644500966903,0.08454714167050081,0.053278051347838806,-0.004363780209940327,0.04911118588200436,0.1344623271764085,0.010453615509244951,0.03884109522060619,0.05787198249370262,0.02844500686983098,0.03786718570456915,0.08625748318837356,0.019998724696935977,0.048180445895068535,0.1337777717101576,0.07289554504350182,0.039611868955736984,0.038894473531752016,0.11235028986550821,0.07077908237689101,0.06278093343820879,0.08052939212213528,-0.005061029725503374,0.06259069224859881,0.044105133684334774,0.009381378149605046,-0.008776049351292281,0.11263011889082852,-0.00981973842212469,0.058952293599309646
2017-03-31,-0.004587460369525509,-0.07393383094148709,0.019415996160544235,0.029384057017666,0.015354433210576612,-0.07058294039931667,-0.040347640130567575,0.018196769020558667,0.002971905321048629,0.014013514579365172,-0.008468019556284845,0.01914753818236581,-0.04559993682344232,-0.011866133034958648,0.04868968459812284,0.02672355584474917,-0.01339633751347391,-0.03158676890863299,-0.018698078685590036,-0.03067753737278578,0.02368528747295673,-0.02197980882440198,0.029975565537246895,-0.028411718732456737,0.0360131514139479,0.020366870971331608,-0.005743161289636811,-0.01111757352663556,-0.0035912563814585186,-0.03855059471629818
2017-04-30,0.06627661317115252,-0.025770563983315453,0.06313439072068272,0.039478001714039035,0.07962340557956415,-0.004571260461612714,0.11157206432182742,0.036264974519585325,0.05021234765046678,0.04400539431225803,0.009291497952518046,-0.008671334710805167,-0.006240358590873796,0.00588278479742077,-6.967748844688426e-05,0.023519681711867912,-0.020604186193096452,-0.07953409777946285,0.045063810844037766,0.0018654849424422082,0.04300788191839122,-0.005741951524596889,0.01949018281953374,-0.019043047319191153,-0.01164626667727564,0.01672979854253298,-0.031065992114371777,0.016769076719978848,0.002217842461383679,0.04202314309828603
2017-05-31,0.0017150936325291966,-0.05285401364641584,-0.010909114607726478,0.026004942279247212,0.07832496456713822,-0.04260148181341461,0.030999159995321435,0.05639643041471731,0.01924142566316256,0.04087315990251872,0.026220625668221142,0.045602119881179126,-0.020312514113862257,-0.02914860567494504,0.06780753019670915,0.050356059553106514,0.008702824012794208,-0.038054244431788065,0.02292041560126523,-0.05574725917482792,0.05248730082681208,-0.043674559649793276,-0.06626292541283163,0.044601327860400275,-0.013375512265475953,0.05376554140358647,-0.0277566176104449,-0.07455244051251542,0.006324515654849927,-0.059635065983702384
2017-06-30,0.06282542905294686,0.050364458443518556,-0.000716526374837767,-0.013029681044035235,0.021406989682338562,0.10944340718048218,0.01925454389490544,-0.01163750022970389,0.0022558143092330507,-0.03391344194808643,0.019373758969774446,0.03150093647215013,0.00821406391540247,0.09487944467173492,-0.05721416366765897,0.01819333837211934,-0.01067091329664227,0.00786210281122024,0.053935929631218515,0.11259900607698592,-0.037150362681500515,0.11721291392828648,-0.015656840877844136,-0.008428160065526935,0.033802664529333226,-0.005517942734765802,-0.020762912586200777,-0.007294752452694175,-0.06563269694372398,-0.03344839100968133
2017-07-31,0.03446221896378443,0.015457469621158015,-0.02477174799212556,0.05469322564536094,0.012927676944877842,0.01323815369866721,0.06804893150055702,0.05420496431076516,0.021231853866015005,0.04849889897967863,0.012329123011223242,0.0032504389720626747,0.04658301521879271,0.015570944994479863,0.03270399448039485,-0.03371929518768302,0.050286849527453104,-0.05954612688110816,0.22609364648733554,0.009900665009100695,0.05695038029699395,0.0008473017107957226,0.042332064081508136,-0.00327671489545156,0.03363981782385839,0.022073670105051013,0.05155658583630163,0.01418009327391645,0.051274592107667605,0.030136397597625653
2017-08-31,0.036963446746010487,-0.003665210217039361,0.007728987513522467,0.03395275505153106,0.03725070967819133,0.02555110230586788,0.03106612159950206,0.04303633194154566,0.02073414699049647,0.0516519235064159,-0.05394648813524394,0.0037073226638093537,-0.004475757424225568,0.01020759349002831,0.10699929623095095,0.021500566998074788,0.015965649507498902,-0.00040454764471109517,-0.005652906756458798,-0.009912730689291327,-0.017863846827681162,-0.10259978212722554,-0.07941412090511357,-0.00031287460272444445,0.0375158332213994,-0.006326501723229794,-0.039487376339543245,0.024165318863674123,-0.0038551170347304042,0.0152947543251436
2017-09-30,-0.01159735391345762,0.060114290474940324,0.09134600568476126,-0.003744980279796417,-0.02056622927397822,0.04882677454946682,0.06145219457122142,0.05926458593768902,0.02509618199107022,-0.02167765987153314,0.01727923143684773,-0.017828959440301273,0.09180445260181203,0.05063871718123503,-0.060243901726761195,0.027309831670206952,-0.01398046869695957,0.014332633737603517,0.06071106068426069,0.050830760491621385,0.0008967126962138305,-0.018178527993893412,-0.025988142694022165,0.009914157239383492,0.03870960628372977,-0.0039922968324445085,0.04564854711608768,0.04408567321360213,0.08582824046599558,-0.052515172835723156
2017-10-31,0.07337256776168033,0.02230272015359147,0.013572953832325707,0.11665990304545693,0.06529237916593966,-0.0602305078338059,0.09542151136827992,0.05524576843304807,0.017073665841804475,0.09548274827423953,0.0810477755748269,0.07230220358554695,-0.013701894682414895,0.060012977763254094,0.09680783459471387,0.09666515101152395,-0.04388914114407183,0.061896823907810594,0.014830407451830174,0.05955523132796925,0.11735326437978633,0.06055953761767263,-0.007710279061669878,-0.13962198602340448,0.04448945056607312,0.021550591787481865,-0.12658240999986992,0.02423738730284719,0.1945902595188549,-0.14180276176868634
2017-11-30,0.08905138976034999,0.024489693297638393,0.09018565648615451,0.01698394948930204,0.03645791158240863,0.009364229490786746,0.03939598225039953,0.011426943450202343,0.08738805502850333,0.019347307287332027,0.023556484051734605,0.005546344245737522,0.03636103921886691,0.022926978821878885,0.020277847191411125,0.061586354898967466,0.04227475561548988,0.009869954638136225,0.07871900544106891,0.03886265072435657,0.11361807997352491,0.0987451203062113,0.07166947212145502,0.003267242573906204,0.006602458151430346,0.0035939997519802702,0.08112915700782497,0.09223996594580197,-0.008447193683252863,0.10428457329428387
2017-12-31,-0.03379050893392366,0.028751315132685917,0.0539982820447269,0.016276777531168074,0.0008720484902025039,-0.01001937979880263,0.11640083234909326,0.0059149159454392475,-0.016671241845047424,-0.020034474156486404,0.005912502139578502,0.0027992647966823547,0.05210512741683626,0.01637503530676132,-0.015245921335607426,-0.03195681806276773,0.02100253065732094,-0.0035721952036705806,0.06542652795327242,0.02315376090929444,0.026336276808790027,0.03869132438180123,0.03391399520784777,0.026753176761098896,-0.010283511944060408,0.0024033634180831154,0.06871938152217272,0.026809474823983104,0.029437940980005406,-0.0019240443485215586
2018-01-31,0.07402702262829308,0.0515389451279924,0.05999056999630503,0.11070817190737903,-0.0056937220438109115,0.06986779224966089,0.03779375014998432,0.11830121298121288,0.04114478688019041,0.1142521756983157,0.10527888732111368,-0.010950517841123886,0.0012780781399566177,0.004437719102022619,-0.010636255950676743,0.06428178918881677,-0.0531323483399706,0.06700531227020146,0.20162078704117437,0.08726915634394805,0.07949367329153545,0.09064757815683144,0.010789688314514212,0.052959069950957005,0.0612187594201834,0.03727103307030788,-0.01981596267332819,0.0926851011334815,0.042894374867519236,0.036353590495334265
2018-02-28,-0.0448518804607172,-0.01576005353148835,-0.09273262708681329,-0.008414953880371057,-0.07246716562933908,-0.00478820337805308,-0.050067688456652104,0.03999990397688946,-0.04901112088984594,0.020542500769570093,-0.07283894792373202,-0.054116218272893146,-0.0982518046220412,-0.019013888806480472,0.06818475044059458,-0.054296574526491725,-0.09057222630615824,-0.038267801609849994,0.027169160005964033,-0.0014697286494340656,-0.1556285922155476,-0.017443443401084946,-0.05070392173934013,-0.08489447284253748,-0.05969019279219567,-0.09182604898607494,-0.03070736361815829,0.07799731632240992,0.03083498152644526,-0.07924694237908692
2018-03-31,-0.050634403698478936,-0.042102458029048995,-0.016533428846538523,-0.026661204933427163,-0.00862186854697411,-0.07231877749937698,-0.04688581252275925,-0.0034135437697987436,-0.04367688505348455,0.00043013377856193635,0.004198956119297437,-0.01332006689587717,0.018942109323452527,-0.0433803659454558,-0.05805056766595229,-0.06789523272041897,0.009679133782944271,-0.015401251537616845,-0.09477911476995127,-0.04787882437993529,-0.005661330405787313,-0.005803806425254909,-0.0263668515972747,0.013395874635394378,-0.09374098570645051,0.013729348564245125,-0.01790657086382874,-0.042206531923120294,0.05660389532579346,-0.04964420360964117
2018-04-30,0.10467295239364449,-0.053720383138302075,0.03680441061132611,0.024652231390514423,0.07072518304943398,0.023463218031975597,-0.015559698161413116,0.01920430476885482,0.0011764313813911187,0.04032669551972834,-0.05228285720154269,-0.01295339774137172,0.09707133160623349,0.06261500478749049,-0.015019702459436512,-0.1144770103477164,-0.07909430805524487,-0.055204302276307016,0.017323337873896838,-0.005805111308269106,-0.005732095088479494,0.029349691662816868,-0.0010951422501599417,0.08077841712250056,-0.007377178781384552,-0.005065702945474038,-0.06538379714844023,0.040943042300216614,-0.00883269469039849,0.014968591737340997
2018-05-31,0.021615916849235584,-0.04888695555973244,0.01512148252132861,0.06146719201496209,-0.04437432869914182,0.03740475054591519,0.05229986217257809,0.06647247174699045,0.027513192162317512,0.06893135064499889,-0.023404295565643274,-0.04729883500442977,0.0021892407769597,-0.004556980596887139,0.1351240460494183,0.021549053510276917,0.011473477681522404,-0.013854573633181655,0.06102866717871702,-0.016271211802008856,-0.06104453463538295,0.049861181668072074,-0.008571742236733404,0.011211380426706441,0.026617449522059022,-0.004859913886523071,-0.011621089202926371,-0.035673946051474004,0.07552459750286356,-0.05535071290859905
2018-06-30,0.019452009151944782,-0.023508078622195394,0.04583213232168837,-0.0023270611777261863,-0.014528201595226609,0.02766954381083586,-0.10690555017806436,0.03366280108041586,-0.026097058594856337,0.05466629525502764,-0.042359661797146786,0.014378681557357442,0.017135859868020686,-0.003051894488559581,-0.009418265330544573,-0.002585815413383208,0.06683088435976314,-0.011393203920613382,-0.04727966404692152,-0.026259348165020624,0.03767867026679128,0.11284894730089778,0.05368452525498535,0.027534007193358967,0.028232660211262806,0.02908429622437758,-0.006497091825787726,0.007492308632266909,-0.0994565094073977,-0.03798680252681308
2018-07-31,0.0321187040423665,0.07643825234101653,0.012403868109973182,0.07575302758112157,0.0054246433461309085,0.0647922504045162,0.06642390688151134,0.008799319460093713,0.10829561928936471,0.005498533970384134,0.06375702491396784,0.09213788435931258,-0.0012656167124424078,0.019155892955261766,0.027983176111674446,0.07930049399590855,0.045529601349678206,0.037437204009606706,0.061965402241680456,0.10916181503135092,0.041797998553308346,-0.034764003157503165,0.09219375926791273,0.08517296622483972,0.04323413077025284,0.06315541091821619,0.01622568697614546,-0.009536892946535369,-0.032388019468747475,0.12662452405843316
2018-08-31,0.06018467682766704,0.004917488106268131,0.021664392530647447,0.06299278958492427,0.036198989040504115,0.023505235328827867,-0.03442273850684485,0.08868668623336418,0.001173703207750787,0.11323368188421745,0.011218652641487026,0.023148096916932426,-0.05285713462516406,0.06491170470529473,0.200422201803804,6.484294461173157e-05,0.02559322804508568,0.022122201974394073,-0.033163568601207394,-0.003218653265739446,0.08054200316801485,0.07141403548664993,-0.013561187973224698,0.04129341685952448,0.03133929569591953,-0.04417753605679464,-0.0009382957228155631,0.1295813156022847,0.012984078046021752,0.020349611703920356
2018-09-30,-0.0056705253874483885,-0.057062402953917735,0.031777628718880235,0.018160843509051228,0.03119018016369468,0.037435351298555686,0.0982353619914953,0.03270549740147577,0.04614617944147237,0.0415902960972756,-0.00860356058899614,0.02583717609518721,0.03224707412559913,0.004812333303970906,-0.008302946309271975,-0.000995522791427339,0.0033758377631170067,0.032291089224459446,0.08492067297979089,-0.015185984414679998,-0.02034216460262661,0.030657092853800583,0.04392083181589368,0.04131844502733628,-0.08298856768017215,0.04516236462273615,0.05134595256901853,0.018421652179553716,-0.023539049630572073,0.06330232232547783
2018-10-31,-0.017628979661707955,0.005039311409074543,-0.15095348507417194,-0.06610120001553199,0.057445064440671656,-0.0699500995770771,-0.19933642783361305,-0.11100604100670164,-0.0919575624328336,-0.13701813150595032,-0.03530951955864836,0.013172510684412497,-0.08693156233276045,-0.03182697266098211,-0.030477490908584204,-0.09705290730783256,0.07489597585880792,-0.23662454835383517,-0.04581883510699947,-0.02708754440430361,0.06783089833430744,-0.11425869494153762,-0.018043453897218287,0.03763736071876278,-0.16156138041453028,0.036587990332986875,-0.06827804083810207,-0.05325157863354402,-0.008670017068491909,0.09423887773756534
2018-11-30,0.08000416245136366,-0.15045395666065908,0.03137734523900426,0.04268368968211789,0.07220202421844557,0.08773357525287628,0.1182822486261883,0.0172003652170043,0.018990605851876285,0.04022142810207652,0.04187642165045302,0.0560429948857919,0.07570453674022404,0.09286487959865486,-0.18119750918319832,0.10028312572313491,0.06574182576936893,0.09093401914068955,-0.018313321485437406,0.019904551750392407,-0.026226545712966454,0.004037346344633486,0.00574761020596104,0.07784278279008183,0.0881174060068386,0.060955504821856854,0.018252939841279403,0.046338498013522855,0.05845404709893853,0.06715896749705075
2018-12-31,-0.11458652846007,-0.12397074110258055,-0.0471383799909143,-0.08404729651120413,-0.058034069690271695,-0.06521017850242206,-0.06338901656742613,-0.06176966326227773,-0.09969341927845998,-0.04055753368536008,-0.07578586897777528,-0.1215112771471053,-0.08533721462975119,-0.15097545257067313,-0.11669852993121133,-0.08358970739790916,-0.02740438434736925,-0.08529829529313637,-0.06996201623869647,-0.12204314544526074,-0.04087753890565249,-0.013045907048408134,-0.04320261828577565,-0.030178660991476702,-0.07553998529906436,-0.06051585904907597,-0.08642780915040049,-0.09484006766101549,-0.04826602207774633,-0.1929845426934298
2019-01-31,0.08461817080132117,0.18533349260868937,0.06815275344261762,0.028157960458781828,0.006814052103769397,-0.038835022402612274,0.054668027853276735,0.12109727886022137,0.0871177095599518,0.1095130310748127,0.04835065049667531,0.031228054637262748,0.05386542696932173,0.08183314823535404,0.05515406457458627,0.05122280483181041,0.057800225276092965,0.18254616805342883,0.19572081088906046,0.06884361147633267,0.028770990175081668,0.10439712303086846,0.017054239870882393,-0.025912700771519526,0.006170264010796567,0.016473016775207183,0.07649694887891956,0.09984225648003053,0.0040485452039722425,0.05751494700425286
2019-02-28,-0.10355302187813986,-0.0026040750809713797,0.00877244261098431,0.07735742933976186,0.03484987561988517,0.023727910927969997,0.03139055209570274,0.06460472931780603,0.07840760598134078,0.07685722564954522,0.05870646621650133,0.033560569598585666,0.05348501911479908,0.049075032145031505,0.04477665624646909,0.042555175618888885,0.02156111930311644,0.040130297685613714,0.14664772710613705,0.008309077605435755,0.03297501040722661,0.04702026492812661,0.011836433871094787,0.09216708657262895,0.0036067858706485545,-0.057967893035872686,0.03526276853355226,0.09473454503799639,0.13106296499962644,-0.008786177689058206
2019-03-31,0.024703873129790388,-0.023944945362087355,0.04417661977908871,0.052753787414290265,0.03296342277477238,-0.0005261325465010236,-0.01347011152699551,0.047514991101298865,0.03147912201548597,-0.032263971745924436,0.03805527546377285,0.023053336092681898,0.03010533235830737,0.014479347809947862,0.09702561638277629,0.0018806037388454655,0.05580938034216021,0.02150138273770219,-0.1330574462625016,-0.029992125506621337,-0.00944768108833749,-0.015203056088883504,-0.01604041393707034,0.030069857441710424,0.0015031473849944632,0.04254675073555969,0.007712143896665191,0.04288200180095303,0.013972853125215012,-0.11125160833889991
2019-04-30,-0.05738896273531857,0.07255585817504606,0.061545722215903265,0.10734291892913195,0.0403899879604559,-0.056111131407151627,0.0352433852940337,0.081312868128814,0.09256232979740431,0.04407407464503099,0.048046096879377664,0.010086440251859452,-0.025328867335084437,0.07634950163442245,0.05643581120353125,-0.08792945402594965,0.0305785211447287,-0.005882330452491424,-0.009779331522148826,0.15517118219224368,0.054444679032413346,0.04298770454229417,0.233630541988759,-0.05362491256368673,0.0780909097305389,0.04694849525420186,0.008264259922800443,0.04286425086695722,-0.049534466670029365,-0.15331118837732882
2019-05-31,0.03745637677167779,-0.10978777997116385,-0.06799218660610917,-0.04948090279351214,0.009419854665385197,-0.062373313782963735,-0.14065433835768404,-0.010816567960783341,-0.04907199656829475,-0.08430602919167274,0.012661230157037906,-0.0648202905966343,-0.04239437198954921,-0.021496335160848257,-0.12421280012044011,-0.14982415642464286,-0.03352738460783755,-0.08341962394774571,-0.09033178703417111,-0.0869451068810898,-0.008373333540689032,-0.11926766546659273,-0.03599333204556965,0.006352249284709455,-0.20483227844846885,0.0014268329432971516,-0.012273813187264615,-0.07006268005391059,-0.13186300047690702,-0.07117778848801237
2019-06-30,0.013608701215137353,0.12115744148627794,0.10312753620248194,0.08311806476764194,0.04735969513883198,0.1054587811553005,0.13755114034461857,0.05185103579766159,0.0625646013570873,0.002113414290272342,0.03281821834157439,0.0619903300606901,0.09301740800193725,0.0761050125113496,0.13051903142453036,0.08507063394164849,0.065493856000439,0.08591213476594861,0.0655717739648416,0.05511505082605672,0.08921530603875305,0.08828103883386462,0.057558316016280475,0.06564868172749727,0.1622075651872108,0.04452461850721834,0.09581415168377716,0.0518933221298592,0.08696629863534233,0.10802603881653661
2019-07-31,0.020490977302469515,0.07590398940467358,0.0275039082519819,0.01724345966877916,0.014735686020343364,0.012480793597606787,-0.026464622671266147,0.030508814921616834,-0.012199908573809926,0.01825614150438004,-0.01939520125669736,-0.06504894870619427,-0.010688039465433508,0.010684840944551022,0.076394510607386,0.00796127592635476,0.08348793828316792,0.07498195858037793,-0.0627180510900538,0.04491261081896991,-0.0009955797526046695,0.02477663499411875,0.030475873400542364,-0.010256447366108645,-0.034801951318890745,0.0335823062423557,0.03655022221799409,0.018630053647475275,0.05598507136177622,-0.0032923911386618654
2019-08-31,-0.06027870886751108,-0.06786995411198216,0.06654519606620046,0.015036931173732171,0.03987533613173877,0.1260479295112329,-0.0962254089161011,0.033422725111131424,-0.040664195139706316,0.01016185970368122,0.002318970366874007,-0.006897332169355064,-0.03395199374090263,-0.03216208490116079,-0.016461187309569247,-0.06593537687601403,0.018553049544252742,-0.07446519823209796,0.07380839151592133,-0.052931009537753315,0.04024683333129153,-0.015247297322660502,-0.04020700508754049,0.041932748673611187,-0.05861996984910922,0.045791273216882145,0.03553607997078334,-0.15505426617201334,-0.05578445098567242,-0.05196008686323372
2019-09-30,-0.06690239982355028,0.016281667539004285,0.024250159265920113,0.008487115240203957,-0.014956082583638342,-0.0724283777108291,0.06142865160514188,-0.03482942598767602,0.027821518349057994,-0.048888348335641374,0.017229316445476428,0.007946531994398764,0.00747532379010285,-0.017363300461550102,0.07296160168722365,0.01657181656951323,0.03451694255018056,0.07297268632988096,0.04498882931207504,0.0712724590902738,0.038683530055785065,0.11147963287081097,-0.05056096591573733,-0.020013563114343658,0.04975741417643298,-0.0036696450532914815,0.0731707947572644,0.0555437844337876,0.08690156353854595,0.08048439694432252
2019-10-31,0.16280139706836572,0.0296771720800868,0.011033555511256843,0.031216089285829085,-0.0838808884590384,0.10201002705115103,0.09954179929988416,0.020532517360806413,0.02086287334821013,0.05423068525571728,-0.11856887803539007,0.020559592252286762,-0.020741978494953295,-0.00466216638940975,0.11068449493588628,0.0035890881039648548,0.0074398308229646215,-0.08038772435435015,-0.10660493981461494,0.06993547019228208,-0.011964952445590149,-0.04652900103781055,-0.0030693349550465765,0.02946080468186274,-0.0757255811177725,-0.00018361203124239722,0.03583916204235482,-0.031170867110342115,0.09703074738861672,-0.009582257597915422
2019-11-30,0.1075187421497783,0.04319989357947174,-0.059979738736632426,0.05946233629018538,-0.004949857942354474,0.10799374312716092,0.05029030755364006,0.05570583583883204,0.03883270110401993,0.040897141490380706,0.043186343527766624,0.048489635650052376,0.018461579060521593,0.024215662691542184,0.07755399839635846,0.037879591935676915,-0.019677245542850885,0.017811442385173182,0.08357199951708072,0.054754937139645854,0.015606389092092998,0.04672173235365418,0.16671800337652587,0.006000330884161187,-0.012135215914505615,-0.011595142622619514,-0.02883867997700129,-0.04630608572992678,0.03254005684897843,0.09609297275718842
2019-12-31,0.054454839405434496,0.038762096933959045,-0.0033252031597902354,0.04174926853818128,0.016094368750864563,0.02705368598743041,0.02038287250766646,0.021763761834283635,-0.008680896723344933,-0.0015347780768417696,0.007770980601430555,0.06094969525566696,0.028856855075855226,0.036380197255336144,0.0987838622921513,0.039170569790910825,0.023267420132653704,-0.003049463443773548,-0.11038279787974836,0.057984284170592204,0.002376762640447172,0.08364542734136071,-0.04013383582528629,0.050397497829980376,-0.009412126781778385,0.03651681304460186,0.04547877817222523,0.05848593966762139,0.03100776462153898,-0.010738301070114531
2020-01-31,-0.07323654057279361,0.03401042076022254,0.04450948731284621,0.07945462297351691,0.08278941575979637,-0.10378733528867434,-0.10433810719128633,0.05951825042736014,-0.021356076681720126,0.120941946893522,-0.038919314952765016,0.02056647456889582,-0.11094520022469467,0.04683231599226745,0.05401003286381223,-0.1006687951780656,0.0036860754254239847,0.07229179289028331,-0.02299250709380596,-0.0444065165525418,-0.0366039710592404,-0.049452168503980265,-0.043697760567315114,-0.060582780333540476,-0.20280366523429438,0.05510394361738036,-0.020225459878685403,-0.03444652166324236,0.06817041784526756,-0.1375508675567655
2020-02-29,-0.06419517545535669,-0.15037819078272963,-0.04498027784823311,-0.04568821323753447,-0.08685766910578652,-0.06897581313057122,-0.05413016214764865,-0.08131299188456131,-0.05872442456368654,-0.06532830794581934,-0.08972794790193428,-0.09090148266449294,-0.1186209366678197,-0.1535382443831208,-0.11470146288211136,-0.050854203305416235,-0.09139784566109643,-0.08458734724637473,-0.13046526280293547,-0.12277125558880819,-0.05948094530183756,-0.0692836593373316,-0.14937456725760134,-0.10393250413576127,-0.15642706897463743,-0.08407529516571288,-0.06379593076425116,-0.13139003252715442,-0.12727336882069018,-0.0922314861422584
2020-03-31,-0.01764889528823277,-0.23001445296000478,-0.13716869539854815,-0.02654148505873366,-0.1484266223183236,0.015020347586421456,-0.06600138772806019,-0.1677519537507718,-0.17500150125761094,-0.15504694316476964,-0.16528760606145232,-0.024910464966443557,-0.22369833422624552,-0.2212317042417915,-0.06976151880748582,-0.0852989877000443,-0.02852614179482571,-0.1476756597963963,-0.4578895447976462,-0.22461447389050582,0.05983216281902881,-0.07428961732547923,-0.17892055060558198,0.013265327551970518,-0.2051283328100153,-0.16548756316979119,-0.17234525088132258,-0.015527161650817245,-0.02521619546206222,-0.0002186045281538096
2020-04-30,0.1727883327823445,0.186493256943828,0.17738725930475852,0.13632610718964155,0.13432107551123673,0.17999313993841404,0.012137715043703645,0.14006948475908487,0.060617268136343716,0.12480901343203743,0.018721663881488215,0.14420791245189113,0.2696661552400297,0.07180087324234186,0.15537382215190343,0.11288560495349609,0.07869179714232488,0.13188485427577668,-0.05444545494447073,0.0746980874235803,0.06979409814060333,0.05366215955979503,0.11956525087163472,0.031193282573021897,0.37888574896003946,0.03706219298203228,0.06976829880862101,0.08831868980697677,0.10827810793879866,-0.05377036847926342
2020-05-31,0.04232928459872265,0.0779536641053562,0.1303281381481971,0.025391323695312495,1.225603316079571e-05,-0.033296797371812126,0.03222208279782035,0.0942650923343229,0.03541468774283607,0.07928370842757215,0.057010323681236486,-0.0017252593008895145,0.011371913846915715,0.041863167300241644,0.085094275582005,0.039966009441296135,-0.016543789917110585,0.00870651755116425,0.03425047287420857,0.016186391942624834,0.025139658313953817,0.13358455649507572,0.0846047285879088,0.01739336631215016,0.08548654780468468,0.017215087852121114,0.012799447259512986,0.12836255133920726,0.05510948123933801,0.0031592967852651643
2020-06-30,-0.02830795375424011,0.005750852273232798,0.014189535142005605,0.11055920816194797,-0.009929322122828599,0.026817694635600242,0.053025980314318266,-0.01724886897113309,-0.008639130497614889,0.07174328638135341,0.07321379056339006,-0.054588163395757006,-0.026935604061766205,0.0013672171330951777,0.1473861504967373,-0.002876681515801005,0.031487236245531625,-0.03306635295316851,0.2567706231130522,-0.03339840663253257,-0.03449950427078885,-0.005376332298195452,-0.049360620331548866,-0.034381796510078,0.047309337845989896,-0.034149278167191266,-0.020414702292967046,-0.02467580132329239,-0.04926092403614957,-0.012808480424302715
2020-07-31,0.02654681347674992,0.001720457990904034,0.05979779155370091,0.0073707433373362274,0.0531794807692374,0.03735260096300119,0.058301558044645985,0.04478179875509558,0.0330589463764448,0.04014308545858514,0.0032442544228936665,0.0364785929447371,-0.05928507816050099,-0.015299992153724018,0.16513160111034741,-0.035386856141666034,0.1035134160852742,0.01796797596923394,-0.1380251098229056,0.03744096809636699,0.08031395945370767,-0.0044875024238417716,0.04869518609229351,0.03763087534550125,0.012056249769651917,0.05729636710391417,0.0011263380784702903,0.01781773131055453,-0.2022398192059156,-0.039631985557027516
2020-08-31,0.03226760843755039,0.0411717369809812,0.07363762415923802,0.10275192296094615,0.10546210192019911,0.04228910271554609,0.07096641200320208,0.16095703557651442,0.11458858733581789,0.3992814234331452,0.014158299293719923,0.059488652522672325,0.014295824458741446,0.0886195857424199,0.2165693386812224,0.0932667818651336,0.054987925520255,0.016754867336259194,0.08746840078619456,0.036734354466573915,0.07744071688621568,0.14883586268439486,0.12767224528887833,0.06268707433051768,0.042632621644002056,0.04847591721030087,0.007775512312858668,-0.10360918703369604,0.07471259746908565,-0.05534136376757759
2020-09-30,0.001614701337795399,-0.019036416150557067,-0.020577800156717174,-0.06739678724958142,0.027959846625470464,0.0033159026028377614,0.04806393134683562,-0.05589205401424824,-0.005677846195553671,-0.07823211828262089,-0.060629001789825665,-0.029528599284899593,-0.14214214106203615,-0.013190077463931749,-0.10252634781131054,-0.017421204937580037,0.004771145305805247,-0.013299905249009036,-0.03817956313436932,-0.039125788876244516,0.007634171984453264,0.12199486417120609,-0.05907328106905718,-0.020132639868939206,-0.005021366142631378,0.004838180459933783,-0.04360955819316825,-0.06702986072329908,0.01629041599992309,-0.05523414545494387
2020-10-31,-0.021265509639368574,-0.059361994194830014,-0.03960963169757181,-0.03736982344617834,-0.029568534142120573,-0.1464431483094054,0.059398478132423715,-0.1454710065765037,0.0020653387638065457,-0.07579978711039148,0.11572241721815701,-0.07905709332455713,-0.034722421534970294,-0.08607397560064811,-0.06001209662630447,-0.0013733691304134155,-0.00812320085562468,-0.08227170643983461,-0.12628582724734516,0.027835875040459035,-0.008291131702781174,-0.043492129266142765,-0.022807880313444606,-0.09330917576134323,0.02523438342021067,-0.026534322925850007,-0.029051299564560318,-0.08019468862241519,-0.1448435354343206,-0.05233838933096635
2020-11-30,0.10224804266702603,0.21974175579780741,0.0401183053568559,0.060060471893212286,0.026912629246814035,0.030461297478111327,0.10531687398418876,0.1658467233963219,0.2420494915698559,0.058251166876570615,0.07406160686349517,0.06254344110703736,0.2728461311565129,0.29975880301980884,0.09549325202363934,0.08917356032922807,0.012910343852932327,0.12300498672205684,0.45931163934178487,0.20236634659121733,0.10118902049644429,0.12175210562110661,0.22070098562338925,0.06887390426162843,0.1205106630261521,0.08207633704697215,0.06402678500125747,0.19832860347142378,0.09985705718757809,0.1298968769816473
2020-12-31,0.046386641601517065,0.14991495909937647,-0.03727933695341523,0.039005895377037136,-0.013153088170473115,0.03548920966999236,0.048562716467778655,0.06071148493068779,0.04305616053378358,-0.09467047999816747,0.08953101896167781,0.08778008980396446,-0.031314533240601405,0.01956323939751714,0.11457367838683008,0.01192622322491621,0.0019442694108708913,0.01910628622812549,0.015898584490463552,0.07796069016965901,-0.053099488901037994,0.05237286976474298,0.22410647523815252,0.025963897968507288,0.1209017337734819,0.06279083245762673,0.0003476707991356687,0.040213936652535365,0.03040330489248011,0.049197683360200806
2021-01-31,-0.04876247088062646,0.028288701084898227,0.01957691352707558,0.042891956843521095,-0.03141021317713866,0.05006088571640421,0.00984952529378691,-0.11276134900860235,-0.08147626925076201,0.013616136232948994,-0.02899473063081326,0.03653584387446496,0.0088809368212861,-0.035086671791433766,-0.005501557230604082,0.004977390173535268,-0.07299603717325898,-0.05378143217217224,-0.09282441999350466,0.019883837680855,-0.025389998681597636,-0.05570091962971391,-0.07180701530393108,-0.05782397613642298,0.11728312273266472,-0.12199135944824457,0.01893404165387369,0.004280205561425943,0.11421120614986102,0.26002994011976055
2021-02-28,-0.004076898326718648,0.1781537665953632,-0.04608220758178416,0.0041179135602593675,-0.0020768500583508986,-0.06145718062546557,0.18070444942764197,0.11875153415216921,0.040311671120541126,-0.04016668583373362,0.0674982500997876,-0.022570439864821323,0.19029987017316885,0.16342672864472552,-0.07971200095028363,0.004796644809935913,-0.036502634669559164,0.012453813073386222,0.09176575437145162,0.14377853617229808,-0.07523687720738836,0.01095917746385,0.1241005847917136,-0.0577397433103497,-0.11109182869044543,0.01744556270504294,-0.02584693953604733,0.0065051569671343845,0.10158403871089816,-0.03707610979390863
2021-03-31,0.12392949268328235,0.027558811513649584,0.18898650768748038,0.014588244911272863,0.08731929845065989,0.10621560482917558,0.07406876492849945,0.006217316452250987,0.07274522171237607,-0.021385703846709014,0.03934912804179058,0.03717037424373015,0.04789989913781101,0.04883295027011281,0.007339583685220141,0.10065114886745086,0.09633290664999583,0.12049112305879661,0.20145279854950449,0.0343820186788617,0.049854823112089,-0.014022789024231819,-0.023910226270640877,0.070880254233749,0.09897612689813484,0.08488919139825302,0.0853352218154555,0.15244033876722995,0.05297798078617766,0.14542045220472732
2021-04-30,0.0718412163931379,0.0655963399363566,0.060344091970622626,0.06960167596976197,0.0532702919983048,-0.03685548536654115,-0.011768910640984731,0.07432543806708014,0.027502623094816547,0.08708176066566842,0.02832449723279651,-0.009857059746933294,-0.016413643514306964,0.08420522269417963,0.07621782140554734,0.023147265156091557,-0.008539971264862056,0.06468550179346932,-0.08012721248546573,0.0163299236542509,0.030037517916816858,-0.002031828790225454,0.008129199898484263,-0.03359708262638639,-0.0021997786178107326,0.024094158194823523,0.061284406478617104,-0.008412670825093671,-0.10109378886919418,-0.032786941541981585
2021-05-31,0.03289884718161007,0.07124810247058622,-0.014706432070308417,-0.007627461404583036,-0.0038048255893490257,-0.00011248545489539463,0.05685858678893996,-0.05622159715421171,0.03967935849294113,0.033779083587580194,0.0325874898962657,0.04655528062186476,0.019311788595167467,0.044212586006960874,-0.05049708432539757,0.03750699142603664,0.010717898607764065,0.02495604018386688,0.05424440632623373,0.06781103320163506,0.019139284428093317,0.031031150191530354,-0.03961945063274919,0.01865777739066976,0.10095729927502606,0.024268310633219325,-0.06303715003859434,0.03908861073529413,-0.0010114868235844288,0.00025454695641391467
2021-06-30,-0.024309082390535863,0.020187055024757594,0.005180896456670636,0.08498889990792646,-0.012399006217377329,0.024417853754710617,-0.0972705885514702,0.012507775462342163,-0.05006282323256883,0.025913473375817064,-0.057288786507225464,-0.02664701306600148,0.009153157236509113,0.03184906509670693,0.09910926926429764,-0.02171985719936742,0.0005932266646515583,0.019827575476929926,-0.030200010464087157,-0.05297132954591122,-0.007111259022507976,0.13212663275918612,-0.016120849271857196,0.08319301837048187,-0.08487985621699601,-0.013967892678114158,-0.022086387926125717,0.001890366443392466,-0.017156855051852715,-0.0009494727915956291
2021-07-31,0.029417629061069928,-0.012251937739792385,0.02916354951343081,0.051716567741296515,0.050738213154426504,-0.009066726856696405,-0.04489492485308544,0.058354525928343115,0.06583082078369995,-0.009579610904946079,-0.0052768637209706926,0.045283493831411725,-0.027974071740385353,0.03476939356881781,0.06498242888581318,-0.003473810350550832,0.06073180800613742,-0.03840649094886328,-0.0546001083835187,-0.018550615113480884,0.010849544808046563,0.08427723645226548,0.0014223132156978568,-0.011572464016468498,-0.026553838223553727,0.05396411244790178,-0.0016048723594431769,0.052000672298775585,-0.04310648726853272,-0.10378253223966594
2021-08-31,0.009824748894261548,0.10840606419279797,-0.006124594060256339,0.06159109473154056,-0.016267014554632975,-0.05907283727416135,0.019927331536452764,-0.10289160733598068,-0.004086316748511121,0.09647417453184226,0.07245499092712926,0.011375221172991612,-0.036689250156758946,-0.026798726285337637,0.04092966677445253,-0.008656330483759245,0.0011250232254456094,0.007597360015230592,-0.030819480127225796,0.05382793143939013,0.04275688096254626,-0.0149133661895694,0.029996583633323803,-0.007545265120958322,-0.01372432045691696,-0.012624911665757188,-0.022459848493623147,0.06592020220858363,0.006329116620661157,0.0763520330353582
2021-09-30,-0.058035556976887115,-0.08580203234427197,0.011493569424765093,-0.06611899963268009,0.015370967584922735,-0.05710988775763448,-0.08962856717183698,0.004187898923367017,-0.0846448502521876,0.022430023950898548,-0.042906728134089134,-0.06717503215248166,0.04836212457195144,0.009460072062835057,-0.06803663114322533,-0.09920918022483993,-0.018189588090193,-0.010047018896084059,0.0020045669312358516,0.023382324686872735,-0.05887911596604478,-0.1184290923910305,-0.06690570699742138,-0.006644037066368513,-0.08146444246932627,-0.06116136746847933,-0.01495260009937005,-0.07777024935593857,-0.014428460491669681,-0.07290641897417638
2021-10-31,0.17845628221298315,0.09343175295014916,0.13245609740745667,0.17629117684701834,0.018414858569479886,-0.026710498419317386,0.06858593468568785,-0.033755352717338205,0.02986614212581329,0.1049701389741382,0.058351567379792524,0.008544985700400964,0.12853623685730153,0.03988548414720139,0.0586572653834474,0.018583901943848957,0.0291575987041508,-0.09954650559177425,-0.05869784267893108,0.04413057044971147,0.07203331099454302,0.1518969568296793,-0.0005910672448355969,0.17228064321666992,0.02367990886711513,0.0743281559504052,-0.015586221382444698,0.028293237312014163,-0.08033030925969098,-0.0006375936191991283
2021-11-30,-0.0352900324329285,-0.07828716802436819,0.07766169519187094,-0.0012822309021258693,0.001653652412283435,-0.03102021442276337,-0.05225233715860533,-0.06139724464722862,-0.0709266590810439,-0.0491508254073576,-0.0865863615028023,-0.03639891772003734,-0.0027554283511997957,-0.1236045524717847,0.10347129295214064,-0.04060999085728234,0.011119576159633882,-0.007825148355028344,-0.04434136468100702,-0.06510092097904052,-0.05882743163213411,0.011656504335267215,-0.14295861111181307,-0.14923337813862658,0.0668023009564771,-0.06232499730961816,-0.09619956091554893,-0.020189405815078887,0.004081648223254186,-0.047213977011703157
2021-12-31,0.13407268635692438,0.009393340510793768,0.04022977512762771,0.017332665758022392,0.09595256889271941,0.13118452854310791,0.06925268278627938,0.14098820656907662,0.031002700289793905,-0.1081905793681418,0.07064249570316838,0.09709488079018191,0.03969164203104736,0.07419568517734532,0.07422869961241929,0.04463665158383345,0.13141519691445147,0.14141772469067027,0.017538544926238853,-0.0030220175564829033,0.033012617751830176,-0.01341554023722713,0.06894414019299999,0.03280055609881183,0.09221195362127488,0.12888461817353747,0.07752944976399179,0.15554337628670378,0.046747951247859465,0.16428573070740238